date,close,volume,open,high,low
2018-06-11,6.22,788.0,2.87,6.22,2.87
2018-06-12,8.23,266.0,8.23,8.23,8.23
2018-06-13,10.44,450.0,10.44,10.44,10.44
2018-06-14,12.88,743.0,12.88,12.88,12.88
2018-06-15,15.56,2565.0,15.56,15.56,15.56
2018-06-19,18.5,11174.0,18.5,18.5,18.5
2018-06-20,21.74,13104.0,21.74,21.74,21.74
2018-06-21,25.3,12317.0,25.3,25.3,25.3
2018-06-22,23.08,1281706.0,26.11,26.51,21.38
2018-06-25,24.55,699820.0,24.0,25.89,23.46
2018-06-26,27.32,625535.0,23.83,28.08,23.39
2018-06-27,27.27,441389.0,27.34,27.74,25.98
2018-06-28,24.01,530810.0,26.83,27.99,23.58
2018-06-29,26.09,456986.0,24.27,27.39,23.76
2018-07-02,25.0,324702.0,25.44,25.82,24.51
2018-07-03,24.61,339101.0,25.11,25.66,22.69
2018-07-04,22.73,262822.0,23.97,23.97,22.5
2018-07-05,24.34,343378.0,22.22,26.04,22.15
2018-07-06,25.49,492134.0,24.34,27.5,24.28
2018-07-09,25.86,310690.0,25.44,25.87,24.51
2018-07-10,26.33,364844.0,27.78,28.27,25.92
2018-07-11,28.92,491208.0,25.0,29.97,24.77
2018-07-12,33.21,430852.0,28.35,33.21,28.11
2018-07-13,32.06,482021.0,31.67,35.26,31.13
2018-07-16,32.72,295152.0,32.06,33.19,30.61
2018-07-17,31.82,286153.0,32.28,32.87,30.37
2018-07-18,31.82,271138.0,31.82,32.98,30.62
2018-07-19,32.16,250745.0,31.67,33.42,30.93
2018-07-20,36.63,426956.0,31.94,36.77,31.67
2018-07-23,35.34,250144.0,35.56,36.41,34.75
2018-07-24,37.09,265010.0,35.28,37.76,34.72
2018-07-25,31.99,457193.0,36.67,38.93,31.99
2018-07-26,29.56,392870.0,30.83,32.0,28.67
2018-07-27,28.36,228096.0,29.44,29.8,28.15
2018-07-30,28.81,180418.0,28.61,29.08,27.78
2018-07-31,26.23,281283.0,28.77,28.77,25.28
2018-08-01,25.79,179336.0,26.11,27.02,25.57
2018-08-02,26.42,198535.0,25.22,26.83,25.03
2018-08-03,24.78,172889.0,25.98,26.74,24.26
2018-08-06,24.81,157069.0,24.44,25.6,23.67
2018-08-07,27.11,199649.0,25.27,27.48,25.0
2018-08-08,25.84,147708.0,26.94,26.99,25.62
2018-08-09,27.26,184749.0,25.78,28.14,25.17
2018-08-10,27.47,116739.0,27.0,27.49,26.68
2018-08-13,27.23,109496.0,26.67,27.33,26.13
2018-08-14,25.87,117356.0,27.11,27.16,25.8
2018-08-15,24.51,129167.0,25.54,26.13,24.44
2018-08-16,24.44,107153.0,23.89,24.93,22.89
2018-08-17,23.98,82248.0,24.94,25.28,23.94
2018-08-20,24.42,109229.0,23.82,24.51,22.78
2018-08-21,24.76,102088.0,24.43,25.43,23.9
2018-08-22,23.59,89999.0,24.48,25.14,23.45
2018-08-23,24.5,121931.0,23.69,24.81,23.38
2018-08-24,24.33,133609.0,23.78,25.67,23.72
2018-08-27,25.26,129151.0,24.21,25.54,23.83
2018-08-28,26.67,188140.0,25.34,27.4,25.22
2018-08-29,26.68,103338.0,26.44,26.94,26.01
2018-08-30,24.99,136818.0,26.77,27.22,24.79
2018-08-31,22.5,159012.0,24.16,24.56,22.23
2018-09-03,21.26,159108.0,22.11,22.11,20.0
2018-09-04,21.58,80676.0,21.22,21.81,20.98
2018-09-05,20.22,96893.0,21.44,21.66,20.22
2018-09-06,20.47,88541.0,19.78,20.92,19.62
2018-09-07,21.29,127486.0,20.83,22.15,20.67
2018-09-10,20.19,65451.0,21.42,21.55,20.0
2018-09-11,20.87,66293.0,20.22,21.2,20.22
2018-09-12,21.94,121160.0,21.0,22.36,20.89
2018-09-13,22.11,98520.0,22.58,22.83,21.33
2018-09-14,22.72,158318.0,22.94,24.44,22.7
2018-09-17,21.51,71314.0,21.98,22.49,21.44
2018-09-18,22.98,77892.0,21.11,23.01,21.11
2018-09-19,23.52,95026.0,22.77,24.2,22.47
2018-09-20,23.88,102007.0,23.34,24.94,23.34
2018-09-21,24.55,77482.0,24.24,24.94,23.81
2018-09-25,24.07,42042.0,24.11,24.61,23.73
2018-09-26,26.61,160616.0,24.26,26.94,24.26
2018-09-27,26.42,136947.0,26.25,27.75,25.94
2018-09-28,26.67,119211.0,26.17,27.83,26.17
2018-10-08,24.14,131167.0,26.04,26.04,23.78
2018-10-09,22.17,133894.0,24.39,24.53,21.72
2018-10-10,22.17,71632.0,22.56,22.67,21.44
2018-10-11,19.69,128095.0,20.49,21.37,19.17
2018-10-12,21.03,86003.0,19.69,21.2,19.66
2018-10-15,24.53,198015.0,24.33,24.53,23.82
2018-10-16,24.36,104522.0,25.0,25.2,23.86
2018-10-17,25.0,142322.0,24.87,25.99,24.56
2018-10-18,23.91,108109.0,24.28,25.78,22.51
2018-10-19,27.09,141251.0,23.34,27.37,23.34
2018-10-22,30.06,181064.0,27.27,31.17,27.27
2018-10-23,29.44,127366.0,29.5,30.53,28.39
2018-10-24,28.89,100428.0,29.36,30.26,28.4
2018-10-25,31.06,133722.0,27.78,31.43,27.51
2018-10-26,27.56,176917.0,30.94,30.94,26.67
2018-10-29,25.42,127198.0,27.74,28.0,25.33
2018-10-30,27.78,128876.0,25.36,27.97,24.93
2018-10-31,27.5,97944.0,27.94,29.13,27.33
2018-11-01,27.01,97240.0,27.89,28.79,26.78
2018-11-02,29.71,137059.0,28.41,29.79,28.36
2018-11-05,30.22,130635.0,29.71,31.93,29.33
2018-11-06,31.43,121658.0,30.02,31.89,28.33
2018-11-07,30.02,126587.0,30.67,31.88,29.56
2018-11-08,29.06,80449.0,30.47,30.77,28.83
2018-11-09,29.31,60639.0,28.89,30.03,28.7
2018-11-12,32.36,148899.0,28.89,32.67,28.72
2018-11-13,31.46,142870.0,31.67,31.95,30.44
2018-11-14,31.11,107907.0,30.78,32.22,30.42
2018-11-15,31.31,75769.0,30.78,31.78,30.5
2018-11-16,30.62,98094.0,31.49,31.53,29.79
2018-11-19,30.19,72590.0,30.33,31.38,30.0
2018-11-20,29.32,77221.0,29.84,30.11,29.2
2018-11-21,29.81,73148.0,29.17,30.42,28.61
2018-11-22,29.39,40718.0,29.56,30.24,29.22
2018-11-23,27.21,104037.0,29.39,29.42,27.17
2018-11-26,27.57,76100.0,27.11,27.71,26.56
2018-11-27,28.11,79533.0,27.6,28.81,27.09
2018-11-28,29.82,99188.0,28.19,30.27,27.92
2018-11-29,29.46,97363.0,30.28,31.39,29.46
2018-11-30,30.57,90676.0,29.45,31.11,29.45
2018-12-03,31.03,126452.0,31.96,32.49,30.87
2018-12-04,31.83,95797.0,30.67,32.27,30.58
2018-12-05,31.32,73916.0,31.11,32.0,30.89
2018-12-06,30.01,113854.0,31.0,31.82,30.0
2018-12-07,30.39,56421.0,30.1,30.81,30.1
2018-12-10,29.61,76068.0,30.25,30.76,28.78
2018-12-11,29.76,34501.0,29.72,30.1,29.34
2018-12-12,31.39,94725.0,30.19,31.66,30.0
2018-12-13,31.73,72444.0,31.62,31.82,30.88
2018-12-14,30.19,70905.0,31.63,31.93,30.17
2018-12-17,30.64,68645.0,29.89,30.83,28.89
2018-12-18,30.31,48856.0,30.0,30.88,29.82
2018-12-19,30.28,70927.0,30.09,31.5,29.63
2018-12-20,29.08,97737.0,30.21,30.22,28.46
2018-12-21,29.72,88737.0,29.19,29.72,28.11
2018-12-24,29.46,59388.0,29.27,30.13,28.89
2018-12-25,29.0,65883.0,28.91,29.3,28.14
2018-12-26,28.28,49253.0,29.0,29.39,28.07
2018-12-27,28.21,48815.0,29.0,29.16,28.21
2018-12-28,27.11,56292.0,28.16,28.68,27.11
2019-01-02,27.03,43941.0,27.36,27.76,26.96
2019-01-03,27.13,44949.0,26.39,27.52,26.39
2019-01-04,28.87,79053.0,26.85,29.02,26.79
2019-01-07,29.12,59696.0,28.86,29.25,28.5
2019-01-08,30.18,85750.0,29.01,30.25,29.0
2019-01-09,29.43,123799.0,28.89,29.56,27.88
2019-01-10,28.49,83943.0,29.24,29.36,28.34
2019-01-11,27.94,61367.0,28.67,28.75,27.67
2019-01-14,28.38,48488.0,27.94,28.52,27.39
2019-01-15,29.09,58736.0,28.33,29.16,27.69
2019-01-16,28.71,25739.0,28.83,29.0,28.56
2019-01-17,28.7,37188.0,28.86,29.27,28.56
2019-01-18,28.0,65039.0,28.98,28.98,27.22
2019-01-21,27.91,52412.0,27.79,28.13,27.37
2019-01-22,27.37,42589.0,27.78,28.15,27.24
2019-01-23,28.02,48848.0,27.37,28.14,27.23
2019-01-24,27.87,37984.0,27.78,28.26,27.61
2019-01-25,29.13,91190.0,28.13,29.88,27.87
2019-01-28,28.37,46289.0,29.5,29.59,28.34
2019-01-29,28.71,52363.0,28.48,29.11,27.28
2019-01-30,28.44,77078.0,27.41,29.09,27.01
2019-01-31,28.4,44128.0,28.48,29.32,28.36
2019-02-01,29.67,62144.0,28.71,30.09,28.44
2019-02-11,31.11,83433.0,29.99,31.32,29.99
2019-02-12,31.11,49891.0,30.83,31.44,30.57
2019-02-13,31.5,78772.0,31.0,32.54,30.76
2019-02-14,33.18,127233.0,31.39,35.49,31.31
2019-02-15,31.9,105153.0,33.0,33.89,31.89
2019-02-18,33.03,87787.0,32.31,33.27,31.98
2019-02-19,31.83,94258.0,33.14,33.21,31.56
2019-02-20,32.32,60674.0,32.11,33.06,31.72
2019-02-21,32.41,82288.0,32.06,33.26,31.83
2019-02-22,32.98,89600.0,32.22,33.5,31.73
2019-02-25,36.84,154113.0,33.76,37.03,33.76
2019-02-26,35.28,113242.0,36.11,36.56,34.82
2019-02-27,33.92,91038.0,34.83,35.77,33.5
2019-02-28,34.83,72399.0,33.89,35.66,33.89
2019-03-01,36.13,96193.0,36.72,37.71,35.78
2019-03-04,37.44,140369.0,36.94,38.98,36.52
2019-03-05,37.56,86157.0,37.43,37.77,36.78
2019-03-06,36.78,104329.0,37.84,38.22,35.77
2019-03-07,34.94,137071.0,36.58,36.58,34.27
2019-03-08,33.32,110697.0,33.89,35.17,33.18
2019-03-11,34.96,93547.0,33.18,35.1,33.08
2019-03-12,36.71,147634.0,37.0,38.25,35.67
2019-03-13,35.04,75777.0,36.66,36.66,34.84
2019-03-14,35.53,79826.0,34.99,36.38,34.62
2019-03-15,36.02,78215.0,36.12,36.89,35.54
2019-03-18,35.71,72758.0,36.05,36.11,34.94
2019-03-19,35.33,68170.0,35.64,37.16,35.0
2019-03-20,34.54,88141.0,35.28,35.28,33.79
2019-03-21,34.51,81360.0,34.44,35.22,33.86
2019-03-22,34.21,60190.0,34.51,34.51,33.45
2019-03-25,35.56,129906.0,34.98,36.43,34.46
2019-03-26,33.5,97198.0,35.01,35.27,33.28
2019-03-27,32.45,94921.0,33.61,34.19,31.83
2019-03-28,32.33,58572.0,32.41,32.98,31.72
2019-03-29,33.33,71241.0,32.46,33.33,32.03
2019-04-01,34.08,92391.0,33.42,34.42,33.33
2019-04-02,33.32,102413.0,34.08,34.13,32.96
2019-04-03,33.04,71840.0,33.22,33.44,32.71
2019-04-04,32.87,66796.0,33.13,33.42,32.78
2019-04-08,31.83,113770.0,33.17,33.28,31.17
2019-04-09,32.73,119423.0,33.2,33.47,32.17
2019-04-10,31.8,108408.0,32.67,32.67,31.5
2019-04-11,30.96,89538.0,31.81,32.0,30.88
2019-04-12,31.66,59357.0,31.07,32.01,31.06
2019-04-15,31.09,59951.0,32.11,32.23,31.08
2019-04-16,31.82,57187.0,30.83,31.82,30.76
2019-04-17,33.95,205005.0,32.5,34.04,32.5
2019-04-18,33.14,70618.0,33.96,34.06,33.01
2019-04-19,32.33,62968.0,33.07,33.33,32.17
2019-04-22,31.24,66492.0,32.34,32.56,31.13
2019-04-23,29.54,115259.0,30.83,30.92,27.78
2019-04-24,30.43,51344.0,29.54,30.48,29.11
2019-04-25,30.06,52973.0,29.77,31.03,29.5
2019-04-26,30.19,34918.0,30.0,30.75,29.99
2019-04-29,30.43,47883.0,31.11,31.32,30.08
2019-04-30,30.42,31091.0,30.44,30.88,30.08
2019-05-06,28.17,65431.0,28.82,29.26,27.81
2019-05-07,28.25,37119.0,28.33,29.12,28.12
2019-05-08,27.56,34996.0,27.72,28.43,27.06
2019-05-09,26.5,48134.0,27.22,27.83,26.46
2019-05-10,27.28,54074.0,26.93,27.49,25.4
2019-05-13,25.88,46327.0,26.69,26.81,25.7
2019-05-14,26.2,43330.0,26.07,26.78,26.06
2019-05-15,27.77,66195.0,26.39,27.86,26.39
2019-05-16,27.41,37372.0,27.67,27.69,27.17
2019-05-17,26.25,36003.0,27.62,27.62,26.07
2019-05-20,24.83,45237.0,25.76,26.16,23.83
2019-05-21,25.08,31949.0,25.12,25.66,24.93
2019-05-22,24.65,27824.0,25.4,25.51,24.58
2019-05-23,23.6,44017.0,24.33,24.58,23.5
2019-05-24,23.81,29311.0,23.79,24.0,23.33
2019-05-27,24.56,43690.0,23.88,24.8,23.71
2019-05-28,26.04,53181.0,24.56,26.04,24.33
2019-05-29,25.32,32951.0,25.12,25.72,25.03
2019-05-30,24.89,28726.0,25.27,25.27,24.39
2019-05-31,24.69,25167.0,25.17,25.26,24.64
2019-06-03,23.98,32528.0,24.22,24.82,23.89
2019-06-04,23.26,31667.0,24.11,24.11,23.22
2019-06-05,24.48,50093.0,23.54,24.64,23.53
2019-06-06,23.3,37485.0,24.34,24.38,23.14
2019-06-10,23.67,88452.0,23.81,25.15,23.28
2019-06-11,23.99,241071.0,21.68,24.41,21.67
2019-06-12,24.25,153508.0,23.48,24.72,23.48
2019-06-13,25.56,215488.0,24.22,26.26,23.83
2019-06-14,26.21,204333.0,25.59,27.32,25.44
2019-06-17,26.09,120705.0,26.25,27.13,25.61
2019-06-18,25.58,81801.0,26.06,26.32,25.22
2019-06-19,24.82,142815.0,26.66,26.8,24.51
2019-06-20,24.48,128161.0,24.82,25.13,24.03
2019-06-21,24.49,118186.0,25.56,25.56,24.36
2019-06-24,24.37,66059.0,24.49,24.52,23.84
2019-06-25,24.35,76388.0,24.36,24.56,23.78
2019-06-26,24.99,94484.0,24.13,25.31,24.05
2019-06-27,24.96,109489.0,24.9,25.39,24.69
2019-06-28,24.38,57212.0,24.39,24.68,23.89
2019-07-01,25.18,130772.0,25.0,25.56,24.62
2019-07-02,25.58,162520.0,25.16,26.32,24.98
2019-07-03,26.0,221002.0,25.28,26.67,25.16
2019-07-04,25.58,80844.0,26.11,26.27,25.31
2019-07-05,25.6,88937.0,25.61,25.83,25.01
2019-07-08,24.37,83043.0,25.29,25.29,23.83
2019-07-09,25.48,96027.0,24.38,25.49,24.17
2019-07-10,26.25,159315.0,25.61,26.93,25.56
2019-07-11,26.34,70673.0,26.94,26.96,26.06
2019-07-12,27.16,94172.0,26.55,27.35,26.39
2019-07-15,27.03,112715.0,27.51,27.54,26.67
2019-07-16,26.57,96070.0,26.89,27.03,25.73
2019-07-17,26.66,43172.0,26.36,27.13,26.27
2019-07-18,25.83,45170.0,26.37,26.56,25.74
2019-07-19,26.39,57359.0,25.95,26.64,25.87
2019-07-22,26.79,87657.0,26.47,27.08,25.92
2019-07-23,28.34,164707.0,26.97,28.94,26.53
2019-07-24,28.23,119685.0,28.52,28.93,28.08
2019-07-25,28.31,118401.0,28.25,28.83,28.02
2019-07-26,28.78,115264.0,28.06,29.4,28.06
2019-07-29,28.79,70376.0,28.7,29.19,28.42
2019-07-30,29.39,96459.0,28.91,29.8,28.49
2019-07-31,28.41,66221.0,29.3,29.3,28.41
2019-08-01,28.3,67503.0,28.36,28.93,28.01
2019-08-02,28.01,71660.0,27.3,28.19,27.16
2019-08-05,26.75,89917.0,27.69,27.97,26.68
2019-08-06,26.27,84938.0,25.52,26.57,25.36
2019-08-07,26.93,86049.0,26.47,27.61,26.43
2019-08-08,26.79,38744.0,27.3,27.4,26.63
2019-08-09,26.15,47327.0,27.28,27.28,25.92
2019-08-12,26.95,42536.0,26.08,26.97,25.93
2019-08-13,27.01,53095.0,26.65,27.46,26.51
2019-08-14,27.02,63249.0,27.3,27.91,27.02
2019-08-15,27.4,46222.0,26.16,27.41,26.03
2019-08-16,26.87,69540.0,27.3,27.41,26.76
2019-08-19,28.52,105123.0,27.13,28.52,26.87
2019-08-20,28.1,68191.0,28.51,28.61,27.95
2019-08-21,28.3,65331.0,27.98,28.94,27.98
2019-08-22,28.19,49175.0,28.41,28.41,27.86
2019-08-23,27.25,165652.0,28.18,28.18,26.15
2019-08-26,26.62,91279.0,26.68,27.15,26.47
2019-08-27,26.91,96052.0,26.95,27.6,26.81
2019-08-28,26.48,86401.0,27.4,27.45,26.39
2019-08-29,25.68,100761.0,26.47,26.48,25.65
2019-08-30,26.34,118967.0,25.89,26.68,25.39
2019-09-02,26.72,98067.0,26.3,26.82,26.13
2019-09-03,25.75,130195.0,26.58,26.69,25.55
2019-09-04,25.73,117107.0,25.57,25.85,25.02
2019-09-05,25.8,123016.0,25.75,26.41,25.75
2019-09-06,26.11,82922.0,25.88,26.36,25.88
2019-09-09,28.97,258029.0,26.47,28.97,26.22
2019-09-10,29.09,188279.0,29.15,29.38,28.66
2019-09-11,29.4,212306.0,29.47,31.23,29.17
2019-09-12,29.52,154048.0,29.63,30.47,29.13
2019-09-16,28.8,135279.0,30.07,30.25,28.59
2019-09-17,27.59,143176.0,28.73,28.73,27.42
2019-09-18,27.63,100856.0,27.88,28.11,27.55
2019-09-19,28.07,141323.0,27.63,28.41,27.63
2019-09-20,27.78,128027.0,28.15,28.48,27.63
2019-09-23,26.74,123099.0,27.78,27.79,26.36
2019-09-24,26.6,128427.0,26.82,27.26,26.22
2019-09-25,26.72,133953.0,26.52,27.18,26.11
2019-09-26,25.88,130924.0,26.86,26.94,25.65
2019-09-27,25.89,71437.0,25.88,26.13,25.67
2019-09-30,25.91,67607.0,26.08,26.23,25.72
2019-10-08,25.22,87357.0,25.97,26.18,25.19
2019-10-09,24.58,132219.0,25.08,25.1,24.18
2019-10-10,25.58,122852.0,25.12,25.99,24.95
2019-10-11,25.89,94926.0,25.73,26.27,25.26
2019-10-14,25.55,122036.0,26.13,26.19,25.36
2019-10-15,25.62,89351.0,25.55,26.25,25.45
2019-10-16,24.91,81237.0,25.64,25.82,24.8
2019-10-17,24.69,72455.0,24.91,25.06,24.46
2019-10-18,25.13,76282.0,24.86,25.26,24.72
2019-10-21,24.88,50432.0,25.23,25.23,24.52
2019-10-22,25.48,69274.0,25.08,25.59,25.08
2019-10-23,25.5,63176.0,25.47,25.72,25.11
2019-10-24,25.98,90432.0,25.6,26.16,25.57
2019-10-25,25.65,53897.0,26.02,26.05,25.39
2019-10-28,25.53,99663.0,25.11,25.53,24.9
2019-10-29,24.68,98657.0,25.57,25.57,24.6
2019-10-30,24.81,75614.0,24.52,24.92,24.18
2019-10-31,24.36,56268.0,24.73,24.98,24.35
2019-11-01,24.71,56135.0,24.26,24.75,24.2
2019-11-04,25.04,82866.0,24.86,25.07,24.58
2019-11-05,27.01,237825.0,25.25,27.5,25.04
2019-11-06,28.36,441482.0,28.56,30.01,28.05
2019-11-07,28.02,216633.0,28.02,28.92,27.37
2019-11-08,28.2,190358.0,28.36,29.08,27.86
2019-11-11,27.13,99913.0,27.73,28.08,27.13
2019-11-12,27.55,90843.0,27.3,28.02,27.05
2019-11-13,27.27,67352.0,27.75,27.8,27.18
2019-11-14,27.36,67259.0,27.52,27.77,27.2
2019-11-15,26.52,107221.0,27.46,27.46,25.97
2019-11-18,26.67,44955.0,26.68,26.85,26.27
2019-11-19,28.93,186314.0,26.9,28.95,26.68
2019-11-20,28.58,112468.0,28.87,29.58,28.52
2019-11-21,29.05,124425.0,28.8,29.58,28.58
2019-11-22,30.91,423472.0,31.75,33.19,30.33
2019-11-25,32.62,280838.0,31.38,32.66,31.19
2019-11-26,35.08,391484.0,32.3,35.97,31.69
2019-11-27,34.66,194443.0,34.77,35.56,33.95
2019-11-28,34.75,145225.0,34.36,35.97,34.05
2019-11-29,34.75,129222.0,34.59,35.58,33.62
2019-12-02,34.58,119017.0,35.19,35.26,33.86
2019-12-03,34.19,156894.0,34.52,34.66,33.18
2019-12-04,34.36,168786.0,34.17,35.5,33.51
2019-12-05,37.3,263630.0,34.53,38.11,34.5
2019-12-06,37.86,134377.0,37.13,38.07,36.8
2019-12-09,37.8,147499.0,38.13,38.13,36.69
2019-12-10,38.05,126949.0,37.3,38.66,36.91
2019-12-11,37.02,133255.0,38.05,38.52,36.47
2019-12-12,36.02,148787.0,37.0,37.8,35.76
2019-12-13,37.86,182898.0,37.04,38.08,36.37
2019-12-16,37.47,182179.0,37.6,37.78,36.9
2019-12-17,39.18,277394.0,38.86,40.18,38.66
2019-12-18,37.96,186405.0,38.67,38.69,37.4
2019-12-19,38.0,108433.0,38.13,38.18,37.03
2019-12-20,37.73,103579.0,37.99,38.9,37.7
2019-12-23,37.8,141429.0,37.3,39.18,37.06
2019-12-24,41.47,297044.0,37.97,41.8,37.97
2019-12-25,44.69,233077.0,41.38,44.79,40.72
2019-12-26,44.59,148417.0,44.52,45.62,43.23
2019-12-27,44.08,240550.0,44.59,47.3,43.5
2019-12-30,47.3,235780.0,45.4,47.58,44.52
2019-12-31,45.3,215007.0,47.22,47.5,44.82
2020-01-02,45.92,206116.0,45.75,46.66,44.91
2020-01-03,47.05,180842.0,45.92,47.41,45.06
2020-01-06,46.8,265002.0,48.02,49.8,46.08
2020-01-07,46.47,135075.0,46.75,47.1,45.86
2020-01-08,47.08,192241.0,46.75,48.13,45.69
2020-01-09,50.08,201644.0,48.41,50.36,47.31
2020-01-10,49.14,144280.0,49.63,49.63,48.23
2020-01-13,51.13,215974.0,50.63,52.01,49.63
2020-01-14,50.47,217685.0,52.58,53.27,50.18
2020-01-15,50.25,177587.0,50.47,51.51,48.53
2020-01-16,50.86,129342.0,50.63,50.91,49.44
2020-01-17,50.12,146624.0,50.83,51.5,49.52
2020-01-20,54.63,248922.0,50.07,55.68,48.91
2020-01-21,53.77,142671.0,54.25,54.52,53.11
2020-01-22,60.53,349916.0,53.77,60.53,52.51
2020-01-23,58.73,359862.0,59.8,62.3,55.69
2020-02-03,61.39,526346.0,56.5,65.9,56.47
2020-02-04,68.91,359136.0,67.17,68.91,63.97
2020-02-05,77.18,530824.0,74.06,77.18,73.02
2020-02-06,80.57,579190.0,72.31,80.57,71.18
2020-02-07,75.19,454995.0,78.41,80.26,74.5
2020-02-10,78.0,375409.0,75.63,79.85,75.08
2020-02-11,74.19,339946.0,79.08,79.52,73.75
2020-02-12,74.88,325862.0,71.5,76.1,70.65
2020-02-13,73.05,313610.0,72.85,74.73,71.57
2020-02-14,69.47,439619.0,74.47,75.02,68.89
2020-02-17,71.8,344471.0,68.97,72.95,68.9
2020-02-18,73.2,282305.0,71.8,74.52,71.11
2020-02-19,71.3,418168.0,77.86,77.91,71.13
2020-02-20,75.08,518440.0,73.13,77.86,71.19
2020-02-21,75.02,338051.0,73.86,76.47,72.42
2020-02-24,71.97,365231.0,73.41,75.0,70.9
2020-02-25,76.11,516026.0,69.38,78.13,68.88
2020-02-26,71.11,338280.0,74.36,75.55,69.91
2020-02-27,69.23,332002.0,72.36,73.22,68.86
2020-02-28,61.56,508447.0,63.96,66.75,61.47
2020-03-02,63.96,318150.0,63.3,65.05,61.16
2020-03-03,67.18,296911.0,67.3,69.35,66.13
2020-03-04,66.02,205946.0,66.18,67.23,63.85
2020-03-05,66.87,224633.0,67.6,68.32,65.08
2020-03-06,65.92,159809.0,65.08,68.02,64.8
2020-03-09,60.33,294253.0,63.41,64.47,60.08
2020-03-10,64.26,292745.0,60.42,64.91,60.08
2020-03-11,64.4,339232.0,65.63,68.73,63.3
2020-03-12,60.75,333858.0,61.86,62.17,59.15
2020-03-13,59.58,274553.0,56.25,60.52,56.2
2020-03-16,52.33,490485.0,57.3,57.79,52.24
2020-03-17,51.72,392203.0,53.41,54.48,48.0
2020-03-18,51.38,313384.0,52.25,54.8,50.63
2020-03-19,50.1,331563.0,52.3,52.58,48.24
2020-03-20,50.56,225142.0,51.75,52.69,49.09
2020-03-23,45.9,307618.0,47.75,48.17,44.53
2020-03-24,48.17,291170.0,47.63,48.9,45.63
2020-03-25,53.41,385928.0,50.75,54.07,50.63
2020-03-26,52.65,194371.0,52.31,54.16,51.91
2020-03-27,52.14,174991.0,54.08,54.71,51.39
2020-03-30,52.47,261655.0,50.63,53.21,47.69
2020-03-31,53.07,194852.0,53.01,54.6,51.67
2020-04-01,53.08,298951.0,54.58,55.95,52.35
2020-04-02,54.86,209588.0,51.47,54.86,51.03
2020-04-03,53.41,182204.0,55.44,55.63,52.75
2020-04-07,55.47,183729.0,54.86,56.24,54.53
2020-04-08,54.52,119470.0,55.02,55.91,54.3
2020-04-09,52.97,160528.0,55.07,55.35,52.75
2020-04-10,52.0,145696.0,53.5,54.56,51.71
2020-04-13,49.91,124581.0,50.02,51.18,49.01
2020-04-14,56.28,388939.0,51.75,56.28,51.47
2020-04-15,57.3,325645.0,58.3,59.46,56.87
2020-04-16,60.05,216381.0,57.45,60.47,56.65
2020-04-17,62.27,292522.0,61.79,64.29,61.25
2020-04-20,60.92,187002.0,61.97,62.16,59.46
2020-04-21,58.7,193917.0,59.52,60.0,56.75
2020-04-22,58.88,146869.0,56.93,59.69,56.91
2020-04-23,58.36,125379.0,60.02,60.02,57.63
2020-04-24,59.35,169916.0,58.41,61.75,58.41
2020-04-27,60.58,143655.0,60.09,61.75,59.57
2020-04-28,63.02,226917.0,62.3,64.02,59.31
2020-04-29,63.26,119544.0,61.82,64.07,61.75
2020-04-30,66.4,233385.0,66.19,68.7,66.19
2020-05-06,67.18,191464.0,63.41,67.75,63.27
2020-05-07,65.75,160787.0,67.47,67.97,64.52
2020-05-08,66.23,141339.0,65.63,66.87,64.46
2020-05-11,62.65,285364.0,66.3,67.29,61.22
2020-05-12,63.41,160277.0,63.45,63.9,61.6
2020-05-13,63.0,121542.0,62.48,63.77,62.23
2020-05-14,61.52,114335.0,62.77,63.0,61.47
2020-05-15,67.01,322121.0,63.93,68.24,63.39
2020-05-18,64.97,160889.0,66.75,66.75,63.8
2020-05-19,65.78,104252.0,65.75,67.19,65.37
2020-05-20,69.13,329693.0,69.52,72.52,68.97
2020-05-21,68.11,154876.0,70.53,71.5,67.62
2020-05-22,65.53,148173.0,67.65,67.78,64.52
2020-05-25,66.36,103782.0,65.46,66.42,64.27
2020-05-26,69.54,174865.0,67.17,69.75,66.86
2020-05-27,70.36,181049.0,69.5,72.3,69.47
2020-05-28,68.32,174247.0,69.52,70.02,65.91
2020-05-29,67.04,141428.0,67.86,68.32,66.47
2020-06-01,70.05,151766.0,68.12,71.21,67.5
2020-06-02,69.22,137030.0,71.75,72.24,67.85
2020-06-03,68.69,113635.0,69.52,70.15,68.31
2020-06-04,69.65,137574.0,69.53,71.94,68.87
2020-06-05,70.31,98627.0,69.4,70.4,68.12
2020-06-08,70.42,105604.0,71.72,72.17,69.9
2020-06-09,71.85,150699.0,72.15,72.96,71.37
2020-06-10,73.36,198210.0,75.15,75.15,71.59
2020-06-11,77.41,368177.0,75.2,80.8,74.16
2020-06-12,74.81,252446.0,75.3,76.59,74.58
2020-06-15,73.92,159452.0,73.11,75.9,72.71
2020-06-16,75.2,131297.0,75.76,77.02,74.1
2020-06-17,73.98,125291.0,74.67,75.48,72.98
2020-06-18,74.62,96562.0,73.98,74.96,72.98
2020-06-19,78.48,250193.0,75.19,80.09,74.73
2020-06-22,77.98,190412.0,78.4,81.48,77.7
2020-06-23,80.14,159475.0,78.53,80.27,77.16
2020-06-24,81.59,146604.0,81.05,82.75,80.37
2020-06-29,81.33,116040.0,81.03,82.15,80.21
2020-06-30,83.18,162514.0,82.42,86.02,82.42
2020-07-01,80.42,286575.0,85.48,87.37,79.58
2020-07-02,79.2,270480.0,81.87,81.97,77.71
2020-07-03,79.42,240264.0,80.76,81.17,79.11
2020-07-06,85.09,307153.0,79.76,86.31,79.42
2020-07-07,94.97,253604.0,90.76,94.97,90.48
2020-07-08,96.07,288890.0,96.31,96.77,91.86
2020-07-09,100.21,279036.0,95.76,101.18,95.2
2020-07-10,99.59,168293.0,99.08,101.4,97.76
2020-07-13,110.82,303269.0,103.87,110.92,103.87
2020-07-14,106.28,333296.0,105.2,108.92,102.35
2020-07-15,101.33,274351.0,107.98,108.85,98.6
2020-07-16,95.63,272550.0,101.87,104.58,95.42
2020-07-17,95.03,303786.0,95.76,98.08,90.8
2020-07-20,100.37,289999.0,99.7,103.6,96.92
2020-07-21,101.31,186566.0,102.97,102.97,99.09
2020-07-22,101.81,191658.0,100.2,103.64,99.11
2020-07-23,104.92,255900.0,101.31,106.04,100.76
2020-07-24,96.69,343983.0,102.42,102.92,95.12
2020-07-27,92.59,251556.0,96.31,97.97,91.86
2020-07-28,96.05,201490.0,95.23,97.7,94.93
2020-07-29,99.75,189986.0,96.05,100.2,94.8
2020-07-30,100.4,143531.0,100.2,101.3,98.76
2020-07-31,104.18,207050.0,100.76,105.92,100.48
2020-08-03,106.09,151061.0,105.13,106.2,103.01
2020-08-04,103.36,199581.0,105.37,110.19,103.16
2020-08-05,103.17,127301.0,103.39,104.53,101.06
2020-08-06,103.81,145657.0,106.8,107.36,101.87
2020-08-07,99.81,180552.0,102.42,105.37,98.6
2020-08-10,97.8,130787.0,99.76,100.37,96.36
2020-08-11,96.55,122332.0,97.84,99.98,96.38
2020-08-12,95.05,252727.0,97.37,97.57,90.87
2020-08-13,95.2,130612.0,97.87,98.52,94.35
2020-08-14,97.63,119700.0,96.15,97.67,95.2
2020-08-17,95.55,197074.0,97.42,97.63,94.2
2020-08-18,97.02,221224.0,97.2,100.2,95.13
2020-08-19,91.97,187147.0,96.2,96.2,91.87
2020-08-20,90.99,130201.0,90.2,92.42,89.09
2020-08-21,93.11,146553.0,92.62,94.06,91.87
2020-08-24,98.54,258074.0,94.2,101.87,93.11
2020-08-25,97.38,145512.0,98.54,100.76,96.85
2020-08-26,94.31,152414.0,96.87,97.41,93.5
2020-08-27,100.17,283995.0,98.81,102.15,96.87
2020-08-28,102.03,169690.0,100.93,102.7,99.47
2020-08-31,100.95,135171.0,102.79,103.4,100.21
2020-09-01,105.34,197211.0,101.03,105.76,100.21
2020-09-02,103.71,146097.0,104.85,105.27,101.87
2020-09-03,102.92,124541.0,102.98,103.53,100.7
2020-09-04,99.79,147761.0,98.66,100.57,97.75
2020-09-07,89.87,447969.0,99.03,100.12,86.31
2020-09-08,90.15,220754.0,89.09,90.76,86.04
2020-09-09,88.71,189351.0,85.76,90.48,85.2
2020-09-10,89.07,148290.0,89.09,91.59,88.81
2020-09-11,90.37,117659.0,89.65,91.48,88.17
2020-09-14,93.41,142923.0,92.15,94.63,91.87
2020-09-15,94.48,117039.0,94.92,95.76,93.43
2020-09-16,93.12,118380.0,95.64,95.7,92.15
2020-09-17,96.53,181320.0,93.11,98.51,92.42
2020-09-18,96.33,105522.0,96.82,97.42,94.77
2020-09-21,96.27,160701.0,98.48,101.87,95.68
2020-09-22,97.7,123410.0,97.42,99.76,96.27
2020-09-23,95.76,157202.0,97.2,97.32,92.48
2020-09-24,92.32,106690.0,93.9,95.09,91.93
2020-09-25,92.7,68017.0,93.87,94.48,92.2
2020-09-28,93.48,82336.0,93.78,95.73,92.87
2020-09-29,100.2,202463.0,94.92,100.9,94.88
2020-09-30,102.53,159930.0,100.37,103.54,99.53
2020-10-09,111.24,239672.0,108.53,113.47,108.41
2020-10-12,116.75,189418.0,112.98,116.87,112.59
2020-10-13,117.24,107490.0,116.8,118.86,113.53
2020-10-14,118.15,137715.0,117.98,121.87,116.76
2020-10-15,118.87,99560.0,120.26,121.92,117.98
2020-10-16,113.03,203041.0,119.37,119.65,110.93
2020-10-19,113.76,130025.0,114.83,117.48,112.98
2020-10-20,120.53,135966.0,114.44,120.53,113.5
2020-10-21,115.38,161679.0,119.68,120.0,112.8
2020-10-22,115.13,90552.0,114.2,116.2,112.42
2020-10-23,111.31,115938.0,115.48,118.96,111.01
2020-10-26,115.84,108028.0,111.85,116.11,108.16
2020-10-27,118.1,91015.0,116.87,118.92,115.2
2020-10-28,119.79,224158.0,112.78,122.68,112.23
2020-10-29,119.65,174352.0,117.99,121.88,115.38
2020-10-30,123.63,229587.0,120.21,128.87,118.7
2020-11-02,130.83,189461.0,123.53,133.81,122.15
2020-11-03,128.55,184567.0,130.76,130.76,123.63
2020-11-04,128.28,110617.0,127.98,130.76,125.2
2020-11-05,135.48,157959.0,131.31,135.48,131.29
2020-11-06,132.7,156584.0,137.08,139.22,130.76
2020-11-09,134.33,132286.0,135.2,137.92,131.37
2020-11-10,134.05,144175.0,133.71,137.36,128.28
2020-11-11,125.67,157584.0,133.04,134.91,125.67
2020-11-12,127.56,97169.0,130.76,130.76,126.63
2020-11-13,126.98,113777.0,129.71,131.18,126.87
2020-11-16,127.92,123121.0,127.36,129.48,123.77
2020-11-17,125.58,136749.0,129.26,130.76,123.26
2020-11-18,119.92,192833.0,125.27,126.35,117.88
2020-11-19,120.81,97580.0,120.21,121.62,118.04
2020-11-20,126.36,123035.0,122.14,127.2,122.13
2020-11-23,126.87,120913.0,126.36,130.59,125.26
2020-11-24,127.81,97920.0,129.65,130.26,125.21
2020-11-25,123.1,117099.0,128.87,129.02,122.09
2020-11-26,122.61,86295.0,123.31,123.31,119.2
2020-11-27,120.76,84332.0,122.66,124.52,118.53
2020-11-30,121.2,126662.0,121.87,121.87,116.32
2020-12-01,123.07,94920.0,118.98,123.34,118.53
2020-12-02,121.7,119653.0,122.98,122.98,117.76
2020-12-03,122.97,106886.0,121.7,123.52,118.74
2020-12-04,125.05,92338.0,122.46,125.92,122.06
2020-12-07,131.57,171130.0,125.7,133.44,125.7
2020-12-08,134.11,116362.0,133.81,136.25,133.26
2020-12-09,134.09,153636.0,135.61,137.76,131.91
2020-12-10,133.43,99857.0,132.51,134.92,130.2
2020-12-11,134.4,128937.0,132.6,134.93,131.7
2020-12-14,134.09,107241.0,134.41,135.61,131.92
2020-12-15,141.03,177813.0,135.2,141.52,133.23
2020-12-16,145.23,142888.0,141.98,145.37,140.2
2020-12-17,144.54,88123.0,144.2,146.2,142.98
2020-12-18,147.42,95126.0,144.92,149.06,143.66
2020-12-21,166.87,198104.0,151.17,166.87,149.26
2020-12-22,160.56,168744.0,164.08,169.83,159.48
2020-12-23,162.98,173903.0,160.57,169.26,156.97
2020-12-24,159.09,94786.0,162.42,163.35,157.7
2020-12-25,160.08,95399.0,157.98,161.42,156.32
2020-12-28,162.3,119731.0,161.42,164.09,159.09
2020-12-29,157.42,121748.0,162.31,163.42,154.86
2020-12-30,175.2,228817.0,164.09,179.61,164.09
2020-12-31,181.37,152005.0,177.97,182.92,176.15
2021-01-04,210.81,224808.0,185.26,214.71,185.26
2021-01-05,209.65,227452.0,205.76,210.65,200.76
2021-01-06,212.3,186681.0,212.98,217.42,203.54
2021-01-07,215.88,173895.0,209.08,216.87,206.8
2021-01-08,211.03,210067.0,219.09,222.42,207.09
2021-01-11,202.98,230050.0,214.02,214.02,200.76
2021-01-12,209.18,165597.0,200.48,210.98,197.42
2021-01-13,200.2,272620.0,208.53,214.37,193.52
2021-01-14,191.32,196066.0,194.76,199.65,190.77
2021-01-15,197.73,198229.0,190.75,199.63,189.09
2021-01-18,199.59,142012.0,195.61,203.98,195.07
2021-01-19,189.71,162867.0,199.65,200.76,188.84
2021-01-20,203.76,213416.0,193.98,204.86,192.37
2021-01-21,203.7,174792.0,201.31,207.98,197.42
2021-01-22,212.98,190442.0,203.81,214.25,203.81
2021-01-25,206.84,217414.0,212.03,218.72,204.28
2021-01-26,200.48,151044.0,206.76,206.76,199.51
2021-01-27,203.27,148385.0,204.09,204.76,192.98
2021-01-28,191.81,181820.0,197.42,199.1,190.76
2021-01-29,183.04,276013.0,195.21,195.76,176.62
2021-02-01,180.94,175251.0,182.42,184.59,178.65
2021-02-02,190.65,250865.0,181.87,191.86,173.74
2021-02-03,197.97,211073.0,196.87,201.62,194.67
2021-02-04,202.15,216302.0,200.15,205.09,197.15
2021-02-05,193.78,184117.0,205.76,206.86,193.45
2021-02-08,210.76,244027.0,194.65,211.2,193.54
2021-02-09,214.2,162037.0,214.76,216.87,208.98
2021-02-10,215.57,162830.0,216.31,217.76,211.87
2021-02-18,206.87,238249.0,220.76,220.76,201.25
2021-02-19,201.59,186904.0,202.98,206.31,194.2
2021-02-22,194.65,167204.0,201.59,206.2,194.59
2021-02-23,195.5,136047.0,191.87,195.5,186.8
2021-02-24,179.09,302721.0,194.65,196.31,174.87
2021-02-25,173.59,245757.0,182.9,182.9,172.42
2021-02-26,165.33,229506.0,165.76,171.31,162.86
2021-03-01,177.76,205394.0,170.48,178.32,168.69
2021-03-02,180.53,152811.0,182.42,182.53,175.79
2021-03-03,180.55,104644.0,178.56,180.55,175.4
2021-03-04,167.18,181034.0,177.98,177.98,165.71
2021-03-05,164.09,173073.0,160.21,167.91,157.61
2021-03-08,155.76,212955.0,165.76,172.27,153.47
2021-03-09,152.98,273577.0,152.98,158.81,146.87
2021-03-10,161.03,237638.0,161.87,165.36,160.2
2021-03-11,170.36,209643.0,161.87,171.58,159.26
2021-03-12,176.01,189520.0,173.48,177.98,170.37
2021-03-15,159.81,230404.0,175.2,175.2,156.87
2021-03-16,165.76,137124.0,162.42,166.86,160.48
2021-03-17,171.31,146726.0,162.91,173.09,160.26
2021-03-18,172.87,113670.0,171.87,176.93,171.6
2021-03-19,162.15,189716.0,166.87,171.31,159.09
2021-03-22,157.31,231719.0,163.53,164.65,152.36
2021-03-23,155.15,151169.0,155.76,158.89,153.05
2021-03-24,146.75,252082.0,155.76,155.81,144.65
2021-03-25,148.28,184399.0,142.15,149.28,141.9
2021-03-26,160.55,237103.0,150.2,160.78,149.09
2021-03-29,159.42,155632.0,160.48,163.96,155.76
2021-03-30,163.52,126404.0,159.43,164.63,157.42
2021-03-31,165.3,160546.0,163.47,167.51,160.2
2021-04-01,169.64,113338.0,166.2,172.7,165.92
2021-04-02,170.98,92629.0,171.28,173.08,167.91
2021-04-06,167.31,104638.0,172.42,174.09,163.58
2021-04-07,164.09,133931.0,171.26,171.26,159.73
2021-04-08,164.01,78710.0,160.76,165.01,159.09
2021-04-09,159.65,93237.0,166.32,166.32,158.53
2021-04-12,161.32,140595.0,163.12,166.89,160.26
2021-04-13,166.73,140211.0,160.37,171.31,160.26
2021-04-14,178.53,185043.0,170.35,179.36,168.91
2021-04-15,173.53,124741.0,175.18,176.03,171.41
2021-04-16,171.78,115363.0,175.2,175.42,166.65
2021-04-19,188.53,205477.0,172.42,188.81,170.4
2021-04-20,185.76,142834.0,185.19,191.2,182.7
2021-04-21,183.92,123996.0,181.4,185.15,179.53
2021-04-22,187.62,107913.0,189.65,189.98,182.77
2021-04-23,192.7,115365.0,187.62,193.53,186.32
2021-04-26,180.2,256237.0,193.87,197.42,179.2
2021-04-27,179.98,151810.0,180.76,181.2,175.35
2021-04-28,190.22,236326.0,182.43,194.65,181.87
2021-04-29,197.42,180863.0,192.32,198.48,190.68
2021-04-30,201.96,258651.0,193.53,204.09,190.71
2021-05-06,199.65,189680.0,202.98,202.98,191.03
2021-05-07,190.36,151385.0,199.65,201.62,189.72
2021-05-10,190.87,124553.0,188.98,194.08,186.31
2021-05-11,189.98,114121.0,187.42,191.81,182.42
2021-05-12,187.15,133602.0,190.2,191.35,183.86
2021-05-13,181.37,113476.0,183.15,185.63,180.59
2021-05-14,185.76,176577.0,182.71,186.59,176.96
2021-05-17,193.63,193309.0,186.31,195.13,186.31
2021-05-18,191.37,89620.0,192.98,196.98,189.9
2021-05-19,194.67,117464.0,189.92,197.42,187.98
2021-05-20,196.17,128440.0,196.2,199.58,191.92
2021-05-21,194.96,140566.0,198.96,201.47,191.3
2021-05-24,201.85,169611.0,197.42,202.17,195.3
2021-05-25,206.05,149577.0,202.67,206.31,200.59
2021-05-26,200.43,126989.0,205.76,208.52,200.01
2021-05-27,199.65,79598.0,201.6,202.98,198.45
2021-05-28,213.87,277151.0,202.98,220.48,202.98
2021-05-31,227.48,200063.0,217.42,228.3,216.31
2021-06-01,222.61,158754.0,219.65,225.76,217.71
2021-06-02,222.15,115712.0,224.7,227.25,219.24
2021-06-03,216.75,123760.0,222.98,224.25,214.09
2021-06-04,226.43,180102.0,219.09,230.48,216.96
2021-06-07,212.7,215294.0,221.78,221.86,208.53
2021-06-08,213.86,166317.0,210.76,222.34,210.76
2021-06-09,213.74,93582.0,213.53,217.42,210.2
2021-06-10,227.77,193502.0,214.14,233.35,214.14
2021-06-11,237.41,197961.0,232.42,240.67,225.23
2021-06-15,233.53,102522.0,237.98,239.59,228.26
2021-06-16,219.75,139694.0,231.26,232.87,217.98
2021-06-17,227.71,102724.0,222.01,229.5,222.01
2021-06-18,236.31,156000.0,229.2,239.2,229.2
2021-06-21,237.87,120823.0,237.31,239.59,230.88
2021-06-22,236.44,88470.0,236.41,238.53,230.88
2021-06-23,246.56,124457.0,238.58,248.54,237.15
2021-06-24,245.92,92132.0,249.16,250.13,242.98
2021-06-25,250.88,99555.0,249.09,251.31,241.31
2021-06-28,260.7,146439.0,250.88,265.75,246.48
2021-06-29,268.82,153402.0,271.67,274.98,266.43
2021-06-30,283.42,144557.0,269.1,287.42,262.98
2021-07-01,280.48,113247.0,284.53,286.31,274.1
2021-07-02,274.97,138717.0,277.5,283.62,269.46
2021-07-05,274.93,143515.0,272.56,280.16,268.71
2021-07-06,272.68,180555.0,275.33,286.98,265.28
2021-07-07,287.83,181457.0,275.33,287.83,268.18
2021-07-08,297.09,158790.0,292.55,303.95,287.91
2021-07-09,289.71,156607.0,297.0,297.0,283.42
2021-07-12,300.77,154763.0,295.4,307.0,295.4
2021-07-13,299.23,136371.0,297.56,308.45,293.11
2021-07-14,292.76,125879.0,294.78,298.6,287.0
2021-07-15,302.0,137333.0,289.22,302.49,287.03
2021-07-16,281.45,178495.0,301.45,301.45,279.85
2021-07-19,277.28,180129.0,286.45,287.38,273.11
2021-07-20,279.8,130005.0,272.56,286.04,272.56
2021-07-21,295.21,182049.0,280.9,295.38,278.67
2021-07-22,295.93,108836.0,295.67,299.61,289.61
2021-07-23,290.34,93329.0,294.78,299.77,289.78
2021-07-26,286.32,127290.0,288.67,293.63,276.72
2021-07-27,261.45,178460.0,288.12,297.11,261.45
2021-07-28,278.14,217247.0,262.0,282.72,262.0
2021-07-29,295.78,186202.0,289.78,296.3,280.33
2021-07-30,292.22,201810.0,300.33,309.89,286.45
2021-08-02,293.11,182973.0,295.89,305.88,282.49
2021-08-03,281.45,122383.0,294.78,295.33,277.0
2021-08-04,302.56,174004.0,283.11,303.66,278.11
2021-08-05,295.89,129792.0,300.89,300.89,290.07
2021-08-06,288.6,143712.0,300.22,301.45,285.89
2021-08-09,273.11,185831.0,282.0,282.28,265.88
2021-08-10,270.06,180169.0,270.34,274.88,263.67
2021-08-11,273.81,112364.0,269.78,277.0,266.93
2021-08-12,265.33,171162.0,270.9,271.44,260.89
2021-08-13,265.36,277258.0,253.11,280.83,253.11
2021-08-16,251.45,220440.0,260.89,266.38,247.49
2021-08-17,253.11,156106.0,255.89,261.33,251.58
2021-08-18,261.45,159575.0,256.75,265.83,251.67
2021-08-19,265.89,144535.0,265.33,269.63,255.33
2021-08-20,260.95,125276.0,263.67,263.78,254.5
2021-08-23,276.39,162244.0,267.0,277.12,265.34
2021-08-24,277.0,133137.0,273.33,286.5,272.62
2021-08-25,281.02,95303.0,277.56,282.11,270.45
2021-08-26,275.89,167983.0,286.43,296.97,275.83
2021-08-27,268.39,119582.0,275.33,277.56,265.33
2021-08-30,267.13,157143.0,268.36,278.56,263.59
2021-08-31,261.37,147621.0,270.86,270.86,256.36
2021-09-01,257.95,144627.0,259.78,260.89,248.39
2021-09-02,260.61,114649.0,259.78,262.06,256.32
2021-09-03,256.72,112820.0,263.11,266.38,253.6
2021-09-06,273.17,147920.0,260.33,274.22,254.78
2021-09-07,272.01,94222.0,272.56,279.03,269.78
2021-09-08,265.89,97394.0,274.78,277.32,264.22
2021-09-09,268.22,110162.0,269.5,274.77,259.11
2021-09-10,265.39,112969.0,260.58,266.32,259.05
2021-09-13,265.78,89690.0,265.39,270.95,262.0
2021-09-14,280.83,233837.0,268.18,287.0,265.85
2021-09-15,278.31,105015.0,280.89,282.0,270.78
2021-09-16,263.11,112604.0,277.0,277.0,263.11
2021-09-17,265.89,81938.0,262.56,269.22,259.85
2021-09-22,260.51,64239.0,261.22,264.78,257.61
2021-09-23,260.33,79714.0,266.92,266.92,259.67
2021-09-24,264.21,102625.0,261.37,271.17,258.95
2021-09-27,271.72,144963.0,267.0,275.22,264.11
2021-09-28,264.46,92225.0,270.89,274.2,263.22
2021-09-29,265.62,93955.0,262.0,270.78,260.89
2021-09-30,278.52,167142.0,267.0,282.28,265.34
2021-10-08,283.11,125169.0,283.11,292.04,276.95
2021-10-11,275.89,78309.0,283.67,285.11,274.26
2021-10-12,267.0,95907.0,276.21,276.79,263.6
2021-10-13,276.59,76522.0,267.0,276.72,266.45
2021-10-14,282.17,78416.0,278.11,283.6,278.11
2021-10-15,302.56,229513.0,282.0,308.04,279.83
2021-10-18,317.01,186702.0,309.22,317.13,303.11
2021-10-19,314.56,150890.0,322.0,328.1,311.45
2021-10-20,313.95,124666.0,317.0,327.21,312.56
2021-10-21,317.56,101423.0,314.22,319.22,308.67
2021-10-22,320.56,110216.0,323.1,323.1,314.41
2021-10-25,325.76,140521.0,326.45,333.76,321.63
2021-10-26,318.66,148277.0,339.65,341.16,317.52
2021-10-27,328.13,135486.0,318.66,328.13,315.98
2021-10-28,323.78,172829.0,333.67,339.22,321.41
2021-10-29,341.57,202687.0,328.27,345.05,319.19
2021-11-01,347.56,221797.0,342.56,363.67,337.07
2021-11-02,352.0,131408.0,350.33,356.31,346.45
2021-11-03,342.0,127606.0,348.11,350.9,335.33
2021-11-04,345.81,92010.0,346.45,350.33,339.81
2021-11-05,338.72,85551.0,341.45,347.43,338.66
2021-11-08,353.56,122696.0,340.33,355.88,337.0
2021-11-09,354.93,66746.0,357.41,357.56,349.3
2021-11-10,346.45,127398.0,348.18,351.15,339.22
2021-11-11,350.81,77014.0,348.11,355.96,347.61
2021-11-12,342.56,114202.0,351.45,354.15,338.62
2021-11-15,330.89,140076.0,342.55,342.55,324.2
2021-11-16,328.1,84335.0,330.89,333.73,323.67
2021-11-17,334.16,75616.0,332.56,336.68,329.53
2021-11-18,334.22,75273.0,334.16,340.15,327.33
2021-11-19,341.45,84568.0,337.0,341.45,330.92
2021-11-22,364.78,153090.0,344.77,364.78,343.17
2021-11-23,359.78,99312.0,364.4,364.4,356.45
2021-11-24,352.45,85504.0,358.76,361.89,347.75
2021-11-25,349.78,58220.0,349.22,352.28,344.94
2021-11-26,352.0,58502.0,348.11,358.0,348.11
2021-11-29,364.11,114653.0,349.78,366.72,349.22
2021-11-30,364.22,71881.0,366.87,367.37,360.52
2021-12-01,359.78,69846.0,364.22,367.0,355.4
2021-12-02,368.67,91790.0,359.77,369.33,358.11
2021-12-03,368.11,80782.0,369.2,370.89,359.22
2021-12-06,351.6,112612.0,362.06,364.33,350.89
2021-12-07,335.89,221391.0,354.22,354.78,326.56
2021-12-08,341.45,118866.0,339.11,344.66,334.36
2021-12-09,338.56,134272.0,341.45,342.0,332.5
2021-12-10,341.97,213844.0,332.12,349.42,331.55
2021-12-13,352.2,160828.0,341.95,353.48,336.49
2021-12-14,348.12,87811.0,351.63,351.63,344.21
2021-12-15,347.0,70480.0,347.24,353.67,345.86
2021-12-16,350.37,61502.0,351.61,351.61,345.93
2021-12-17,348.22,136491.0,348.12,349.77,341.83
2021-12-20,325.45,155114.0,347.0,347.0,324.05
2021-12-21,322.04,125658.0,323.11,327.94,316.49
2021-12-22,325.47,83618.0,324.67,329.22,321.45
2021-12-23,332.04,79718.0,330.32,336.89,326.49
2021-12-24,306.89,246081.0,333.11,333.81,299.22
2021-12-27,307.89,101835.0,305.45,313.11,305.06
2021-12-28,311.45,96596.0,307.56,312.71,303.06
2021-12-29,306.2,99640.0,311.45,312.0,302.99
2021-12-30,314.22,124209.0,307.0,317.72,306.21
2021-12-31,313.11,93711.0,318.83,323.11,309.78
2022-01-04,302.49,174568.0,323.11,323.67,298.11
2022-01-05,290.61,166579.0,301.11,301.38,286.45
2022-01-06,287.26,138826.0,285.62,290.33,281.88
2022-01-07,286.39,131695.0,292.0,295.33,279.78
2022-01-10,285.56,148629.0,283.66,291.45,277.69
2022-01-11,284.61,84723.0,287.06,291.95,284.45
2022-01-12,300.36,191642.0,292.56,303.09,292.5
2022-01-13,300.33,138997.0,303.67,309.78,294.63
2022-01-14,307.22,116128.0,295.92,309.11,295.33
2022-01-17,323.58,143528.0,313.59,324.5,308.0
2022-01-18,312.45,107017.0,323.58,324.1,312.0
2022-01-19,303.11,144874.0,313.95,317.0,296.72
2022-01-20,302.63,80654.0,300.89,307.56,299.42
2022-01-21,302.83,99174.0,299.22,308.45,293.11
2022-01-24,309.22,115621.0,299.78,315.48,297.01
2022-01-25,300.67,71992.0,304.9,310.52,300.33
2022-01-26,312.83,116037.0,304.11,314.56,301.17
2022-01-27,305.88,129482.0,311.45,317.0,303.11
2022-01-28,315.67,243317.0,316.78,322.0,303.36
2022-02-07,308.36,145289.0,323.11,325.32,305.43
2022-02-08,286.92,206503.0,308.36,308.36,276.35
2022-02-09,290.45,114947.0,285.89,292.5,279.22
2022-02-10,274.28,292336.0,293.0,293.11,264.16
2022-02-11,258.66,239798.0,267.56,271.77,258.11
2022-02-14,268.67,196286.0,256.45,271.38,255.92
2022-02-15,279.22,151508.0,274.78,281.07,270.33
2022-02-16,281.33,127068.0,279.78,287.8,277.55
2022-02-17,283.67,107472.0,280.88,288.39,278.43
2022-02-18,279.5,113848.0,280.89,283.67,276.99
2022-02-21,269.78,156306.0,278.95,278.95,267.26
2022-02-22,266.45,136329.0,267.92,268.67,259.98
2022-02-23,274.78,154332.0,267.56,274.81,265.6
2022-02-24,268.5,161600.0,268.67,276.21,264.78
2022-02-25,280.22,169672.0,275.89,283.67,275.83
2022-02-28,282.76,99657.0,277.56,284.5,277.56
2022-03-01,284.32,97490.0,286.0,290.93,280.89
2022-03-02,271.91,134129.0,281.45,281.88,269.16
2022-03-03,271.44,86989.0,273.78,274.67,268.1
2022-03-04,259.66,162834.0,267.0,269.22,257.56
2022-03-07,239.16,245993.0,250.33,255.89,238.67
2022-03-08,239.47,227541.0,244.21,245.59,232.56
2022-03-09,249.48,234574.0,239.78,249.78,235.33
2022-03-10,259.12,239617.0,258.67,267.31,256.06
2022-03-11,260.64,171022.0,253.57,261.45,249.83
2022-03-14,243.67,162910.0,254.78,257.13,243.67
2022-03-15,243.78,212687.0,242.56,253.83,236.78
2022-03-16,265.95,282237.0,251.0,266.15,246.72
2022-03-17,277.83,276301.0,273.95,283.67,272.61
2022-03-18,270.06,163918.0,274.78,277.82,266.45
2022-03-21,275.33,136341.0,275.33,283.22,274.0
2022-03-22,271.45,102283.0,275.33,275.33,268.11
2022-03-23,272.72,84110.0,275.33,276.99,269.72
2022-03-24,272.0,84806.0,269.75,274.05,263.32
2022-03-25,265.37,92836.0,270.85,274.32,265.33
2022-03-28,257.0,149465.0,269.16,269.16,252.05
2022-03-29,256.95,112359.0,257.0,264.22,254.22
2022-03-30,274.78,162170.0,259.78,274.78,259.78
2022-03-31,271.06,96239.0,272.64,274.22,265.97
2022-04-01,274.72,95182.0,268.67,277.83,267.07
2022-04-06,268.76,85428.0,273.4,274.22,265.89
2022-04-07,261.57,119581.0,264.53,267.0,257.03
2022-04-08,261.45,93571.0,260.17,266.93,258.11
2022-04-11,241.45,207382.0,250.48,252.0,237.61
2022-04-12,248.67,124982.0,242.43,249.1,242.28
2022-04-13,245.33,95231.0,245.27,254.11,243.11
2022-04-14,241.89,137524.0,250.33,250.89,238.67
2022-04-15,236.92,199891.0,237.08,240.33,226.87
2022-04-18,237.0,119576.0,232.0,237.55,228.28
2022-04-19,231.03,143821.0,236.7,241.77,230.03
2022-04-20,212.56,311996.0,230.34,232.56,211.88
2022-04-21,213.73,211166.0,215.27,218.39,208.06
2022-04-22,217.19,201367.0,213.11,221.55,211.45
2022-04-25,203.17,213165.0,207.45,212.06,203.11
2022-04-26,195.89,185105.0,200.95,204.22,195.89
2022-04-27,212.58,316124.0,190.33,213.53,190.19
2022-04-28,201.72,259177.0,208.66,210.06,198.67
2022-04-29,213.86,336477.0,205.33,214.21,194.79
2022-05-05,195.33,602772.0,189.22,200.49,182.56
2022-05-06,195.33,240801.0,187.56,201.3,187.46
2022-05-09,191.17,166680.0,194.22,195.87,188.51
2022-05-10,197.1,244378.0,186.06,200.33,184.86
2022-05-11,214.08,317540.0,197.54,219.1,197.28
2022-05-12,210.62,134208.0,211.11,213.78,207.49
2022-05-13,216.89,148546.0,212.56,218.92,208.95
2022-05-16,212.56,143878.0,218.11,224.11,212.56
2022-05-17,221.2,138899.0,214.21,222.32,213.25
2022-05-18,219.22,107120.0,222.25,223.11,216.69
2022-05-19,219.22,126330.0,216.7,220.83,213.48
2022-05-20,223.61,158268.0,224.22,226.45,218.39
2022-05-23,217.95,137918.0,223.61,223.61,214.22
2022-05-24,209.8,150127.0,216.26,216.26,209.68
2022-05-25,208.1,139349.0,211.17,212.03,205.61
2022-05-26,203.12,140598.0,207.83,209.68,202.49
2022-05-27,205.56,187802.0,206.45,213.75,204.3
2022-05-30,209.67,125295.0,209.94,212.67,208.0
2022-05-31,213.11,177995.0,208.61,215.33,205.06
2022-06-01,222.57,191785.0,214.28,225.89,212.0
2022-06-02,229.11,174478.0,221.32,232.99,220.34
2022-06-06,245.33,190378.0,229.22,247.01,229.22
2022-06-07,241.45,127595.0,244.88,245.88,236.89
2022-06-08,242.0,405414.0,239.78,242.0,223.11
2022-06-09,226.08,202557.0,233.67,235.33,225.61
2022-06-10,238.67,247663.0,224.21,239.67,224.21
2022-06-13,232.57,186216.0,233.12,238.77,229.92
2022-06-14,231.9,174811.0,229.9,232.33,224.61
2022-06-15,245.15,378619.0,237.56,252.0,234.28
2022-06-16,242.17,240202.0,245.33,249.84,238.95
2022-06-17,256.48,282939.0,237.72,259.05,237.12
2022-06-20,267.85,251143.0,260.8,273.17,260.8
2022-06-21,268.58,145666.0,266.45,271.38,262.06
2022-06-22,268.11,146632.0,272.0,276.58,268.06
2022-06-23,284.76,177139.0,272.56,284.76,270.82
2022-06-24,299.5,193012.0,290.89,299.5,280.77
2022-06-27,291.45,166240.0,299.77,300.32,289.22
2022-06-28,288.67,186433.0,289.22,291.65,278.17
2022-06-29,282.3,145830.0,282.55,287.83,278.66
2022-06-30,283.11,130761.0,282.29,286.33,279.04
2022-07-01,276.8,122928.0,282.55,284.22,274.06
2022-07-04,276.45,121932.0,269.78,278.48,269.78
2022-07-05,277.48,154594.0,277.83,284.32,271.27
2022-07-06,276.45,130814.0,279.28,282.82,272.32
2022-07-07,292.0,246014.0,281.92,294.53,281.45
2022-07-08,287.0,165770.0,294.78,300.32,283.8
2022-07-11,274.5,138070.0,283.25,283.95,273.28
2022-07-12,266.27,151302.0,274.78,278.28,264.01
2022-07-13,285.89,245645.0,268.83,288.24,265.21
2022-07-14,295.34,199556.0,283.95,298.67,281.03
2022-07-15,282.56,158628.0,291.72,299.47,282.56
2022-07-18,292.92,143711.0,287.56,293.14,281.08
2022-07-19,277.9,163087.0,292.31,292.31,277.56
2022-07-20,278.67,78359.0,280.88,283.75,276.92
2022-07-21,275.89,88071.0,277.0,285.36,274.35
2022-07-22,282.0,142817.0,285.18,288.66,278.69
2022-07-25,276.31,86489.0,282.0,283.08,274.78
2022-07-26,276.45,79693.0,276.32,279.78,272.7
2022-07-27,272.67,93355.0,276.17,276.5,270.45
2022-07-28,272.89,92675.0,274.5,279.06,271.46
2022-07-29,269.0,119125.0,277.53,277.56,265.95
2022-08-01,283.62,162992.0,268.6,284.11,266.78
2022-08-02,277.48,121430.0,276.6,282.25,275.03
2022-08-03,266.45,170256.0,277.56,283.05,263.56
2022-08-04,264.72,113651.0,268.11,269.27,261.5
2022-08-05,267.36,121831.0,264.22,271.95,261.45
2022-08-08,265.06,89647.0,262.0,267.66,258.11
2022-08-09,270.65,113079.0,264.78,274.56,262.83
2022-08-10,266.43,80491.0,269.83,271.33,264.22
2022-08-11,269.78,98007.0,266.52,271.46,260.89
2022-08-12,265.33,73838.0,269.89,270.89,263.07
2022-08-15,273.17,137575.0,266.94,277.0,265.82
2022-08-16,277.45,160974.0,275.28,285.33,274.32
2022-08-17,290.33,183507.0,279.49,291.98,277.55
2022-08-18,289.11,142800.0,290.33,297.56,287.81
2022-08-19,282.0,107696.0,291.45,291.83,280.9
2022-08-22,292.85,143054.0,283.11,295.15,279.33
2022-08-23,295.83,131562.0,291.99,300.15,289.47
2022-08-24,277.56,300684.0,304.8,305.89,276.45
2022-08-25,272.0,180175.0,278.11,278.96,267.05
2022-08-26,267.99,122170.0,271.45,274.77,265.89
2022-08-29,265.33,112610.0,265.88,267.99,262.18
2022-08-30,259.5,156161.0,265.33,265.33,256.33
2022-08-31,254.78,174502.0,254.05,258.56,250.07
2022-09-01,246.19,154766.0,253.11,255.89,245.7
2022-09-02,245.48,115609.0,250.27,250.89,242.99
2022-09-05,246.65,91100.0,243.12,248.67,241.45
2022-09-06,239.33,275246.0,246.45,246.65,233.05
2022-09-07,249.73,216777.0,237.27,251.16,236.45
2022-09-08,236.17,215526.0,246.64,248.11,235.61
2022-09-09,237.68,122468.0,237.89,238.91,234.5
2022-09-13,240.28,102029.0,241.45,242.11,234.7
2022-09-14,227.72,258938.0,236.45,238.11,224.38
2022-09-15,216.64,253836.0,227.72,228.11,214.89
2022-09-16,214.22,149632.0,216.61,218.83,213.67
2022-09-19,216.26,139644.0,214.02,220.67,213.69
2022-09-20,220.34,165690.0,218.67,225.33,217.0
2022-09-21,219.95,88099.0,218.11,221.7,216.1
2022-09-22,217.0,96421.0,217.17,219.78,212.0
2022-09-23,218.3,120185.0,217.53,222.45,214.25
2022-09-26,224.59,188352.0,215.91,228.11,215.91
2022-09-27,225.06,115619.0,227.5,228.3,221.45
2022-09-28,218.36,106974.0,224.03,225.05,216.14
2022-09-29,219.59,88948.0,222.49,223.2,217.41
2022-09-30,209.52,118140.0,219.74,220.25,209.31
2022-10-10,205.06,114654.0,210.14,211.53,204.16
2022-10-11,218.09,184441.0,211.25,218.09,210.64
2022-10-12,230.05,185147.0,217.92,230.3,216.52
2022-10-13,226.81,104434.0,227.92,230.3,225.15
2022-10-14,229.54,135653.0,230.14,232.55,224.91
2022-10-17,225.34,105373.0,227.36,227.36,220.56
2022-10-18,225.44,91019.0,227.38,230.63,224.83
2022-10-19,226.44,123330.0,225.71,232.36,225.52
2022-10-20,217.36,171202.0,220.3,222.18,211.25
2022-10-21,216.25,82599.0,213.47,218.45,213.03
2022-10-24,211.26,145327.0,212.71,216.81,208.48
2022-10-25,209.97,140391.0,210.7,213.51,204.57
2022-10-26,209.62,140724.0,211.81,213.79,207.96
2022-10-27,203.64,152817.0,207.92,210.18,203.47
2022-10-28,189.86,240712.0,200.86,202.09,189.59
2022-10-31,193.96,165546.0,186.81,198.04,184.91
2022-11-01,201.36,199165.0,195.97,202.85,191.32
2022-11-02,204.31,142670.0,200.7,207.02,197.92
2022-11-03,200.21,147175.0,203.47,205.7,198.49
2022-11-04,211.47,209711.0,201.14,213.65,200.14
2022-11-07,214.86,147781.0,213.47,217.11,211.81
2022-11-08,214.47,120809.0,214.86,221.7,210.97
2022-11-09,207.4,109411.0,212.36,213.24,206.25
2022-11-10,200.86,129242.0,205.14,205.7,200.14
2022-11-11,210.41,194820.0,209.59,212.19,205.82
2022-11-14,201.91,184817.0,211.31,213.47,201.0
2022-11-15,206.91,172740.0,202.45,207.63,196.81
2022-11-16,200.18,136037.0,205.15,205.8,199.74
2022-11-17,195.21,142172.0,198.82,199.02,192.37
2022-11-18,198.36,164073.0,196.81,201.81,192.92
2022-11-21,199.25,80387.0,195.21,201.17,194.75
2022-11-22,195.14,98362.0,197.92,199.51,194.03
2022-11-23,197.65,88294.0,195.14,199.52,194.31
2022-11-24,196.04,85465.0,199.65,199.71,195.15
2022-11-25,193.59,61389.0,194.06,195.14,192.92
2022-11-28,192.54,111141.0,189.59,193.65,186.82
2022-11-29,196.75,117172.0,193.48,198.7,190.97
2022-11-30,200.7,140420.0,197.36,200.7,193.57
2022-12-01,206.39,209375.0,207.45,210.22,206.21
2022-12-02,204.52,82926.0,207.36,208.64,204.47
2022-12-05,204.76,120985.0,204.52,207.29,202.36
2022-12-06,209.04,136612.0,202.99,211.27,202.92
2022-12-07,219.2,244108.0,209.03,221.07,208.47
2022-12-08,220.4,104337.0,219.21,222.92,216.81
2022-12-09,222.7,93539.0,221.02,223.31,220.42
2022-12-12,217.0,87900.0,220.75,222.1,216.89
2022-12-13,212.04,112707.0,217.36,217.86,210.17
2022-12-14,210.31,91973.0,214.59,215.67,208.63
2022-12-15,222.25,172988.0,210.2,222.46,209.59
2022-12-16,219.04,89422.0,219.31,221.7,216.74
2022-12-19,220.36,101059.0,219.59,225.75,219.06
2022-12-20,214.32,81208.0,220.14,220.47,214.03
2022-12-21,212.82,54031.0,214.59,215.96,211.54
2022-12-22,210.14,73905.0,215.14,215.14,209.03
2022-12-23,208.19,73858.0,207.31,210.6,205.75
2022-12-26,211.21,115123.0,208.19,213.06,204.09
2022-12-27,211.01,81397.0,210.27,212.36,207.17
2022-12-28,205.7,185293.0,207.95,208.09,198.07
2022-12-29,205.67,98975.0,204.03,207.81,203.7
2022-12-30,205.37,74052.0,208.2,210.14,205.14
2023-01-03,203.27,104820.0,204.59,204.9,198.87
2023-01-04,200.15,196023.0,201.53,201.81,199.06
2023-01-05,213.2,260433.0,202.36,214.68,200.7
2023-01-06,218.29,183925.0,212.36,222.91,211.29
2023-01-09,218.25,128403.0,221.74,221.74,216.81
2023-01-10,226.81,182607.0,218.84,228.47,216.42
2023-01-11,224.51,122418.0,225.97,229.03,222.36
2023-01-12,227.64,111368.0,226.81,230.57,225.52
2023-01-13,230.97,207575.0,233.47,238.21,225.7
2023-01-16,234.94,168091.0,230.42,236.53,228.54
2023-01-17,234.37,98958.0,235.1,237.85,233.26
2023-01-18,235.97,73443.0,235.98,237.3,232.98
2023-01-19,235.01,73100.0,234.21,237.64,232.47
2023-01-20,237.92,107657.0,235.01,238.03,233.62
2023-01-30,248.28,211743.0,253.12,259.34,246.51
2023-01-31,245.25,139540.0,247.85,252.09,243.72
2023-02-01,251.7,115022.0,248.47,253.12,248.19
2023-02-02,245.75,134557.0,252.85,253.31,245.07
2023-02-03,240.25,120200.0,244.59,245.81,237.57
2023-02-06,237.14,107529.0,237.92,238.76,231.86
2023-02-07,235.75,72112.0,237.08,238.92,233.84
2023-02-08,235.26,73299.0,236.59,238.72,234.03
2023-02-09,238.47,80314.0,235.26,240.14,232.09
2023-02-10,234.56,83978.0,238.47,239.96,234.04
2023-02-13,242.36,134185.0,237.35,243.24,235.15
2023-02-14,237.39,128122.0,247.36,247.53,234.47
2023-02-15,236.03,77734.0,238.53,240.7,235.7
2023-02-16,233.03,100911.0,237.91,239.31,230.14
2023-02-17,220.25,214696.0,232.36,232.36,220.14
2023-02-20,220.4,168299.0,217.92,221.19,212.55
2023-02-21,217.37,131846.0,218.74,221.52,215.7
2023-02-22,214.29,123639.0,214.03,216.86,212.74
2023-02-23,216.38,95373.0,214.59,217.44,213.14
2023-02-24,212.03,99894.0,215.14,215.59,211.26
2023-02-27,209.64,92206.0,210.55,212.07,209.09
2023-02-28,211.2,93231.0,211.25,213.64,209.86
2023-03-01,215.57,126020.0,210.75,216.91,210.71
2023-03-02,209.47,161453.0,214.31,215.14,206.92
2023-03-03,210.32,82031.0,210.31,212.2,209.03
2023-03-06,213.71,166267.0,210.24,213.96,204.59
2023-03-07,210.25,99184.0,211.25,214.02,210.05
2023-03-08,207.77,81294.0,209.04,210.66,206.31
2023-03-09,207.37,81367.0,206.92,209.74,202.5
2023-03-10,212.25,191426.0,209.97,214.55,206.75
2023-03-13,204.59,188332.0,210.71,212.73,203.47
2023-03-14,201.94,184847.0,203.96,204.03,196.81
2023-03-15,202.36,129683.0,205.14,206.66,199.93
2023-03-16,200.76,101132.0,200.14,203.42,199.86
2023-03-17,195.69,201447.0,202.92,203.47,195.42
2023-03-20,197.89,158370.0,194.89,200.47,191.25
2023-03-21,205.57,172924.0,199.14,205.8,197.2
2023-03-22,208.59,176872.0,208.33,213.84,207.37
2023-03-23,208.13,100289.0,207.92,210.1,205.94
2023-03-24,205.46,117653.0,208.14,210.29,203.47
2023-03-27,207.09,161157.0,204.09,208.25,200.37
2023-03-28,204.92,75906.0,205.7,206.91,203.59
2023-03-29,209.13,137546.0,206.37,211.41,205.16
2023-03-30,209.09,86819.0,209.58,210.14,207.56
2023-03-31,212.39,196076.0,211.53,217.35,211.53
2023-04-03,208.31,167632.0,212.42,212.81,206.81
2023-04-04,202.36,200897.0,209.02,209.02,198.92
2023-04-06,202.37,105816.0,200.14,203.22,198.0
2023-04-07,203.76,100581.0,201.34,205.7,200.34
2023-04-10,210.15,172379.0,205.64,210.2,202.36
2023-04-11,209.0,143663.0,209.04,214.51,207.92
2023-04-12,204.59,87367.0,209.03,209.03,204.59
2023-04-13,202.51,100464.0,203.47,204.23,200.7
2023-04-14,207.52,159237.0,202.31,210.35,202.09
2023-04-17,213.41,176632.0,206.99,214.59,206.7
2023-04-18,214.03,140605.0,213.41,219.03,213.08
2023-04-19,214.79,116224.0,217.09,217.27,212.36
2023-04-20,206.81,158438.0,214.75,214.75,206.81
2023-04-21,211.8,252760.0,211.53,217.32,208.47
2023-04-24,207.3,173774.0,211.86,212.36,205.07
2023-04-25,201.2,168989.0,207.92,207.92,197.92
2023-04-26,212.71,397075.0,201.21,216.16,198.22
2023-04-27,219.21,339691.0,212.21,220.69,210.52
2023-04-28,219.06,271048.0,222.21,225.54,215.1
2023-05-04,213.73,194091.0,219.21,220.71,212.76
2023-05-05,215.21,167409.0,213.21,218.21,211.93
2023-05-08,219.02,227531.0,218.21,222.0,214.27
2023-05-09,214.04,196538.0,218.59,218.59,212.26
2023-05-10,220.73,289568.0,214.01,222.46,209.42
2023-05-11,228.61,347474.0,220.76,231.19,219.41
2023-05-12,226.19,223100.0,230.2,232.77,226.19
2023-05-15,226.5,267065.0,229.22,232.21,223.31
2023-05-16,227.21,139740.0,226.61,229.18,224.98
2023-05-17,228.21,182464.0,227.21,229.89,224.27
2023-05-18,220.61,241239.0,229.51,229.58,219.25
2023-05-19,218.21,194722.0,219.96,222.39,218.21
2023-05-22,218.51,146791.0,217.21,220.71,215.21
2023-05-23,213.63,196132.0,219.09,219.92,213.36
2023-05-24,213.46,147857.0,213.01,216.72,211.93
2023-05-25,212.3,137533.0,213.06,215.89,210.7
2023-05-26,208.21,182117.0,212.41,212.71,205.71
2023-05-29,205.27,165372.0,210.41,210.43,203.81
2023-05-30,213.2,264671.0,205.21,213.2,204.22
2023-05-31,209.38,188697.0,213.26,215.1,208.37
2023-06-01,211.11,159410.0,210.85,216.21,209.72
2023-06-02,216.65,231815.0,213.11,218.2,212.21
2023-06-05,208.01,335951.0,214.11,214.11,204.6
2023-06-06,207.49,172425.0,206.22,210.51,205.19
2023-06-07,195.51,500939.0,204.59,204.71,192.66
2023-06-08,196.22,238579.0,200.96,201.51,195.21
2023-06-09,200.25,242617.0,196.76,201.34,196.76
2023-06-12,200.16,181316.0,200.16,202.21,197.11
2023-06-13,201.31,132437.0,199.22,202.14,198.89
2023-06-14,201.61,163629.0,205.36,205.84,201.21
2023-06-15,219.09,504957.0,203.2,219.09,203.1
2023-06-16,219.31,296398.0,220.21,222.38,216.51
2023-06-19,216.09,187071.0,221.2,221.2,214.21
2023-06-20,216.21,179605.0,216.08,219.52,213.98
2023-06-21,213.12,171184.0,217.02,218.71,213.11
2023-06-26,213.38,159106.0,208.12,215.16,207.89
2023-06-27,211.68,134206.0,212.19,214.51,209.39
2023-06-28,212.71,135586.0,210.43,214.71,210.21
2023-06-29,210.71,99302.0,211.72,215.12,210.71
2023-06-30,217.0,215515.0,212.2,218.2,208.56
2023-07-03,218.09,155544.0,220.16,222.16,216.76
2023-07-04,217.46,101557.0,216.71,218.26,215.89
2023-07-05,215.72,86364.0,217.47,218.62,213.71
2023-07-06,213.06,102836.0,215.21,216.69,212.18
2023-07-07,210.46,98084.0,213.01,213.06,209.81
2023-07-10,217.01,160938.0,211.21,218.21,211.21
2023-07-11,217.3,91588.0,217.86,218.2,214.79
2023-07-12,215.2,86933.0,216.71,217.61,214.71
2023-07-13,218.21,222577.0,216.42,223.21,216.42
2023-07-14,216.49,130041.0,218.36,219.14,214.76
2023-07-17,213.86,104525.0,215.22,216.21,211.81
2023-07-18,213.71,85758.0,216.01,216.09,212.71
2023-07-19,207.71,176002.0,212.21,213.16,206.79
2023-07-20,209.26,144416.0,207.21,214.9,207.21
2023-07-21,209.8,83935.0,209.06,211.19,207.97
2023-07-24,207.19,137193.0,205.36,209.09,202.35
2023-07-25,214.56,192862.0,213.11,215.85,209.23
2023-07-26,214.87,154568.0,213.33,215.21,211.87
2023-07-27,215.19,208592.0,219.21,221.09,215.09
2023-07-28,218.26,188031.0,215.19,219.21,213.26
2023-07-31,225.96,299028.0,222.21,227.71,221.31
2023-08-01,223.71,156152.0,225.61,227.31,222.71
2023-08-02,224.71,141472.0,225.21,227.7,223.71
2023-08-03,227.35,161805.0,224.21,228.18,223.74
2023-08-04,233.72,315697.0,233.21,238.17,229.32
2023-08-07,234.7,149277.0,232.71,235.15,231.52
2023-08-08,235.35,150667.0,234.19,237.54,233.09
2023-08-09,235.21,116847.0,233.71,235.89,231.35
2023-08-10,234.71,140410.0,236.11,239.54,232.33
2023-08-11,229.71,172041.0,237.16,237.16,229.71
2023-08-14,221.11,256932.0,227.41,228.19,218.42
2023-08-15,219.51,146101.0,221.09,222.81,217.61
2023-08-16,220.81,140090.0,219.73,222.59,218.32
2023-08-17,223.46,204428.0,223.2,224.71,217.09
2023-08-18,224.08,167700.0,223.5,227.33,222.63
2023-08-21,221.17,107804.0,222.2,224.08,220.41
2023-08-22,218.96,151889.0,223.01,223.39,215.72
2023-08-23,215.71,118749.0,218.91,220.11,215.21
2023-08-24,217.16,141577.0,217.09,219.75,214.71
2023-08-25,216.55,111851.0,216.14,218.18,214.02
2023-08-28,218.71,223115.0,229.71,232.17,217.71
2023-08-29,226.71,291750.0,219.41,231.21,219.13
2023-08-30,225.71,145916.0,227.61,230.21,225.71
2023-08-31,224.76,96715.0,225.31,226.71,224.34
2023-09-01,224.61,91011.0,224.81,227.72,222.81
2023-09-04,225.86,140524.0,226.42,226.97,221.61
2023-09-05,225.03,115817.0,225.21,227.71,224.37
2023-09-06,222.63,124748.0,224.26,225.38,221.01
2023-09-07,214.72,192661.0,221.21,221.96,214.72
2023-09-08,211.15,164994.0,213.21,215.41,208.71
2023-09-11,209.74,170609.0,211.11,211.76,207.89
2023-09-12,206.14,182312.0,210.21,210.62,205.75
2023-09-13,204.81,151357.0,205.21,207.36,203.24
2023-09-14,203.14,182941.0,201.89,204.51,201.24
2023-09-15,195.97,336800.0,200.21,202.21,194.81
2023-09-18,201.27,265935.0,194.21,202.9,194.21
2023-09-19,200.53,150244.0,201.27,201.69,198.81
2023-09-20,198.11,130875.0,201.21,201.54,196.89
2023-09-21,194.94,162149.0,198.22,199.16,194.88
2023-09-22,199.14,225091.0,193.71,199.66,193.71
2023-09-25,197.49,136054.0,201.23,201.83,196.92
2023-09-26,192.71,202538.0,194.88,195.56,191.71
2023-09-27,191.87,218490.0,194.51,196.7,190.66
2023-09-28,191.24,158095.0,192.21,194.71,190.79
2023-10-09,183.71,337428.0,189.21,189.49,181.21
2023-10-10,182.93,198655.0,186.09,186.21,182.93
2023-10-11,182.98,202482.0,186.08,186.81,182.31
2023-10-12,184.15,242059.0,183.22,186.01,182.21
2023-10-13,178.81,284222.0,182.06,183.04,177.81
2023-10-16,172.97,246836.0,178.55,178.74,172.12
2023-10-17,173.65,215583.0,173.72,177.51,172.78
2023-10-18,174.51,176519.0,173.31,176.46,171.81
2023-10-19,170.91,174542.0,172.62,173.89,170.49
2023-10-20,169.21,300269.0,167.21,175.9,167.21
2023-10-23,165.47,202233.0,168.51,168.51,164.01
2023-10-24,164.63,243795.0,166.21,167.41,163.51
2023-10-25,164.19,215342.0,166.41,167.71,163.89
2023-10-26,166.28,414206.0,162.21,166.51,157.02
2023-10-27,172.93,477953.0,166.06,174.09,164.23
2023-10-30,176.23,322595.0,175.21,178.09,173.01
2023-10-31,173.81,181525.0,174.89,175.43,172.81
2023-11-01,175.75,197273.0,174.0,178.51,172.71
2023-11-02,173.78,137627.0,176.71,178.09,173.78
2023-11-03,175.65,143655.0,174.21,176.89,172.81
2023-11-06,185.29,349684.0,176.78,185.31,176.66
2023-11-07,179.45,260803.0,184.2,184.32,178.33
2023-11-08,180.05,146522.0,178.39,181.15,178.21
2023-11-09,179.66,109971.0,178.84,180.79,178.74
2023-11-10,177.24,116100.0,177.21,178.18,176.26
2023-11-13,176.06,125196.0,180.21,180.41,175.23
2023-11-14,171.89,234883.0,176.06,177.01,171.21
2023-11-15,172.69,238072.0,175.1,176.8,171.79
2023-11-16,169.36,174662.0,173.69,173.7,168.31
2023-11-17,168.94,110840.0,168.06,169.46,167.7
2023-11-20,168.51,124087.0,168.95,170.01,167.22
2023-11-21,168.82,197662.0,170.21,172.21,168.22
2023-11-22,165.21,186886.0,167.76,169.51,165.21
2023-11-23,165.91,157203.0,164.22,165.91,163.1
2023-11-24,163.21,166212.0,165.24,166.41,162.71
2023-11-27,158.91,184220.0,162.5,162.71,158.81
2023-11-28,160.13,202107.0,158.24,160.18,157.08
2023-11-29,155.06,251885.0,159.21,159.59,154.58
2023-11-30,155.21,230272.0,153.43,156.87,152.7
2023-12-01,153.71,169622.0,155.5,155.91,152.64
2023-12-04,149.86,239304.0,151.71,152.65,149.45
2023-12-05,147.02,248077.0,148.36,150.58,146.86
2023-12-06,151.09,367693.0,146.86,155.07,146.43
2023-12-07,152.7,269084.0,150.21,154.57,149.81
2023-12-08,151.8,245020.0,153.21,154.54,151.33
2023-12-11,153.56,214896.0,150.22,153.9,148.37
2023-12-12,151.84,147339.0,152.21,153.43,151.19
2023-12-13,147.56,252594.0,150.76,151.8,146.92
2023-12-14,144.84,227514.0,149.09,149.7,144.65
2023-12-15,143.21,202046.0,145.41,146.89,142.81
2023-12-18,135.18,429129.0,141.32,141.9,134.49
2023-12-19,137.21,251852.0,134.52,138.19,134.48
2023-12-20,136.66,212494.0,137.41,139.41,136.53
2023-12-21,142.6,421315.0,135.78,143.54,135.78
2023-12-22,144.5,280321.0,141.71,146.62,140.41
2023-12-25,145.75,130056.0,143.71,146.09,143.01
2023-12-26,144.34,127673.0,145.18,145.71,142.95
2023-12-27,142.54,173565.0,145.74,146.21,142.08
2023-12-28,151.2,378502.0,142.43,151.37,141.78
2023-12-29,151.47,226838.0,152.19,153.21,150.21
2024-01-02,145.04,214033.0,150.43,150.74,144.83
2024-01-03,144.01,197576.0,144.31,145.49,142.61
2024-01-04,139.41,272418.0,143.71,143.93,137.98
2024-01-05,139.11,210353.0,139.2,142.94,137.7
2024-01-08,138.21,193854.0,138.41,141.6,137.29
2024-01-09,136.91,233916.0,138.17,139.58,133.96
2024-01-10,138.87,232120.0,135.15,141.32,134.76
2024-01-11,143.03,328018.0,138.87,145.98,136.72
2024-01-12,142.84,254622.0,142.21,145.54,140.41
2024-01-15,139.91,172722.0,141.71,141.91,137.56
2024-01-16,145.16,284693.0,139.87,145.46,138.77
2024-01-17,140.45,217615.0,145.07,145.07,139.96
2024-01-18,142.82,307788.0,138.31,143.41,138.22
2024-01-19,143.11,265949.0,142.01,146.1,141.61
2024-01-22,143.87,404888.0,141.71,148.16,138.86
2024-01-23,142.12,323059.0,143.21,147.01,141.4
2024-01-24,141.69,248710.0,142.71,143.2,137.72
2024-01-25,143.21,294796.0,140.21,143.31,137.92
2024-01-26,138.21,271813.0,140.71,142.69,138.21
2024-01-29,135.23,217675.0,137.65,138.99,135.23
2024-01-30,128.96,327274.0,133.71,135.65,128.61
2024-01-31,139.8,595221.0,133.21,141.17,132.21
2024-02-01,137.23,279688.0,139.79,140.73,136.79
2024-02-02,134.21,307060.0,136.21,137.21,131.58
2024-02-05,140.15,471326.0,130.82,142.71,130.51
2024-02-06,146.54,437459.0,139.4,147.47,139.03
2024-02-07,147.81,366070.0,146.21,148.0,144.21
2024-02-08,151.05,309012.0,147.71,153.21,147.09
2024-02-19,148.3,270925.0,153.17,153.17,147.3
2024-02-20,146.54,221948.0,150.09,150.09,144.28
2024-02-21,149.41,257827.0,145.59,151.51,144.55
2024-02-22,148.56,209559.0,149.54,149.54,147.09
2024-02-23,148.71,210176.0,150.18,150.21,147.27
2024-02-26,144.21,360664.0,147.44,148.2,142.91
2024-02-27,146.04,290401.0,143.29,146.06,142.75
2024-02-28,145.22,400917.0,146.39,151.51,145.22
2024-02-29,151.72,391675.0,144.31,151.98,143.87
2024-03-01,152.76,281013.0,151.74,153.77,150.61
2024-03-04,152.11,268086.0,153.21,156.07,150.98
2024-03-05,152.86,275496.0,150.31,153.41,148.21
2024-03-06,151.85,187180.0,150.79,155.11,149.91
2024-03-07,148.36,221450.0,151.21,152.38,147.69
2024-03-08,146.21,202170.0,147.34,149.01,144.86
2024-03-11,169.06,763350.0,153.21,169.86,152.31
2024-03-12,174.05,621649.0,171.55,174.64,168.21
2024-03-13,173.39,347958.0,175.21,175.9,171.51
2024-03-14,172.02,305356.0,173.1,176.17,171.17
2024-03-15,169.21,354836.0,171.84,172.11,165.06
2024-03-18,179.17,483052.0,178.25,181.97,177.16
2024-03-19,175.46,269576.0,178.7,180.51,174.81
2024-03-20,177.69,210316.0,173.72,179.45,173.72
2024-03-21,177.29,187567.0,177.72,180.09,177.29
2024-03-22,174.72,191034.0,177.3,178.12,173.2
2024-03-25,173.01,164134.0,173.78,176.41,172.69
2024-03-26,180.01,302473.0,173.91,181.34,173.9
2024-03-27,176.21,206457.0,179.95,179.96,176.21
2024-03-28,176.99,200367.0,176.28,179.91,174.81
2024-03-29,178.37,164648.0,178.51,183.21,177.59
2024-04-01,186.05,275132.0,182.21,188.04,181.61
2024-04-02,187.91,240381.0,186.31,189.78,184.71
2024-04-03,185.86,234890.0,187.15,187.16,182.81
2024-04-08,182.81,189576.0,185.86,188.11,182.81
2024-04-09,184.21,145700.0,182.21,184.71,181.92
2024-04-10,180.95,179615.0,182.32,183.21,179.74
2024-04-11,180.81,192954.0,179.02,182.51,175.21
2024-04-12,176.6,166256.0,179.21,180.19,176.22
2024-04-15,185.35,305483.0,182.06,185.35,180.07
2024-04-16,185.36,276231.0,187.21,187.51,183.13
2024-04-17,184.2,216192.0,183.56,185.14,181.23
2024-04-18,183.77,195396.0,182.18,185.66,179.6
2024-04-19,179.01,184915.0,181.27,182.67,177.72
2024-04-22,178.81,150987.0,181.01,183.1,178.78
2024-04-23,178.14,111138.0,179.34,180.71,176.09
2024-04-24,177.81,151543.0,180.21,180.61,174.61
2024-04-25,181.41,164183.0,176.78,182.56,176.1
2024-04-26,186.69,224881.0,180.22,187.09,180.22
2024-04-29,197.84,438630.0,188.78,201.71,188.21
2024-04-30,195.84,214330.0,199.0,199.0,195.24
2024-05-06,200.22,270999.0,204.24,204.94,199.27
2024-05-07,200.12,131799.0,199.42,201.12,198.39
2024-05-08,196.47,124330.0,200.24,201.04,196.35
2024-05-09,202.64,219216.0,199.51,203.75,199.44
2024-05-10,196.74,228011.0,202.64,202.64,196.24
2024-05-13,192.59,221967.0,189.54,195.01,188.75
2024-05-14,192.25,106947.0,193.84,194.44,191.36
2024-05-15,191.13,130741.0,192.25,196.57,190.74
2024-05-16,192.91,153782.0,192.04,194.88,190.22
2024-05-17,196.24,184962.0,192.94,196.24,191.82
2024-05-20,196.69,199172.0,200.44,201.12,196.25
2024-05-21,194.8,122964.0,196.91,197.82,193.8
2024-05-22,198.13,252366.0,195.74,200.24,194.84
2024-05-23,197.58,176548.0,197.44,198.89,196.37
2024-05-24,194.22,155107.0,196.04,198.1,194.03
2024-05-27,193.25,163618.0,195.04,195.04,191.74
2024-05-28,191.04,126900.0,192.7,193.82,190.84
2024-05-29,192.03,133388.0,191.25,195.74,191.04
2024-05-30,192.59,127840.0,192.29,194.12,190.9
2024-05-31,191.0,138086.0,192.59,195.49,191.0
2024-06-03,195.74,187181.0,191.0,196.84,189.04
2024-06-04,199.21,177149.0,195.23,200.48,194.24
2024-06-05,197.36,117774.0,198.94,201.09,197.25
2024-06-06,198.03,124126.0,197.22,200.12,195.44
2024-06-07,186.44,516868.0,192.1,195.69,180.83
2024-06-11,182.01,420724.0,182.24,185.24,177.85
2024-06-12,178.84,203104.0,179.24,183.0,178.72
2024-06-13,178.42,221176.0,180.24,183.25,178.36
2024-06-14,178.13,371849.0,179.34,179.82,171.82
2024-06-17,181.44,269293.0,175.79,183.74,175.55
2024-06-18,183.57,156529.0,181.39,183.71,180.26
2024-06-19,182.25,107540.0,183.84,183.94,180.92
2024-06-20,181.23,115624.0,183.23,183.35,180.34
2024-06-21,178.4,184677.0,181.55,182.2,175.61
2024-06-24,180.22,180355.0,176.24,181.23,176.24
2024-06-25,179.56,144144.0,180.24,182.44,178.84
2024-06-26,178.75,104814.0,178.36,179.87,176.44
2024-06-27,178.24,126536.0,178.75,179.12,176.25
2024-06-28,173.27,194205.0,177.04,178.72,173.08
2024-07-01,169.31,269957.0,172.43,172.52,164.41
2024-07-02,169.32,144156.0,167.09,170.2,165.35
2024-07-03,172.74,162053.0,170.24,175.74,169.55
2024-07-04,172.84,118346.0,173.63,176.23,172.44
2024-07-05,170.86,135247.0,174.24,175.73,169.74
2024-07-08,169.15,108064.0,169.25,171.61,168.25
2024-07-09,169.01,164439.0,168.54,170.54,166.33
2024-07-10,166.29,177729.0,168.25,173.33,166.29
2024-07-11,170.25,208111.0,168.24,172.22,166.73
2024-07-12,173.04,195505.0,171.09,175.01,170.24
2024-07-15,171.36,114697.0,171.54,173.19,170.35
2024-07-16,172.54,151487.0,170.74,173.74,170.54
2024-07-17,174.13,185901.0,171.24,175.9,169.18
2024-07-18,181.59,319944.0,173.24,182.34,172.92
2024-07-19,182.68,208476.0,179.59,183.33,179.44
2024-07-22,182.76,171683.0,184.43,187.42,180.64
2024-07-23,179.44,119031.0,182.25,182.94,179.44
2024-07-24,179.56,144681.0,179.24,182.33,178.63
2024-07-25,180.97,205959.0,179.36,183.97,178.3
2024-07-26,182.59,233477.0,183.24,186.54,181.29
2024-07-29,177.77,213624.0,180.24,180.24,173.24
2024-07-30,178.13,127252.0,176.46,178.57,176.46
2024-07-31,179.55,198969.0,175.24,180.12,175.24
2024-08-01,173.54,230127.0,178.24,179.24,173.34
2024-08-02,170.33,154937.0,172.24,173.24,169.98
2024-08-05,170.24,193477.0,168.25,173.43,168.24
2024-08-06,168.19,157687.0,171.65,172.63,166.95
2024-08-07,166.91,127540.0,168.19,169.47,166.91
2024-08-08,165.64,146590.0,166.25,166.84,163.36
2024-08-09,163.24,154130.0,166.84,168.11,163.24
2024-08-12,162.24,174156.0,163.81,164.36,160.04
2024-08-13,167.02,193893.0,162.13,168.2,161.62
2024-08-14,165.45,99663.0,166.23,167.69,164.96
2024-08-15,166.64,144812.0,165.24,167.84,164.53
2024-08-16,166.86,111506.0,166.64,169.24,166.12
2024-08-19,168.84,140358.0,166.59,171.18,166.39
2024-08-20,168.11,84370.0,168.24,169.24,166.9
2024-08-21,167.25,111474.0,167.24,168.65,165.24
2024-08-22,172.04,199011.0,168.22,173.21,167.54
2024-08-23,175.04,184152.0,170.24,175.76,170.24
2024-08-26,177.16,148387.0,175.14,177.8,174.24
2024-08-27,176.74,99770.0,175.76,177.73,174.74
2024-08-28,176.06,106390.0,176.04,176.93,174.52
2024-08-29,174.04,156702.0,172.41,176.23,172.41
2024-08-30,177.58,254292.0,174.04,179.2,174.04
2024-09-02,174.43,129852.0,177.68,178.83,174.24
2024-09-03,178.89,181969.0,173.54,179.94,173.26
2024-09-04,180.39,165645.0,178.56,182.24,178.09
2024-09-05,180.04,123182.0,180.39,182.79,179.04
2024-09-06,179.19,75255.0,179.36,181.74,178.64
2024-09-09,178.39,134754.0,178.35,181.9,176.71
2024-09-10,174.4,154244.0,178.74,178.74,174.29
2024-09-11,179.8,211971.0,175.64,181.02,174.4
2024-09-12,182.59,207100.0,181.24,185.4,179.95
2024-09-13,176.74,172873.0,182.12,182.12,176.74
2024-09-18,179.64,113779.0,176.84,180.67,176.53
2024-09-19,180.14,157694.0,180.24,181.46,176.84
2024-09-20,178.84,155027.0,180.14,181.14,176.92
2024-09-23,181.44,157925.0,179.9,182.67,178.74
2024-09-24,190.76,354517.0,185.2,191.41,182.13
2024-09-25,196.34,420101.0,200.63,200.64,195.83
2024-09-26,198.75,354893.0,196.94,200.57,192.17
2024-09-27,220.05,701813.0,205.24,224.92,204.91
2024-09-30,245.13,913611.0,226.26,248.24,225.24
2024-10-08,292.24,1376465.0,289.24,294.74,260.9
2024-10-09,248.24,1086916.0,273.14,273.23,248.24
2024-10-10,251.24,608338.0,248.24,259.23,243.4
2024-10-11,235.03,476402.0,248.74,248.74,231.17
2024-10-14,242.96,467599.0,243.23,246.04,238.18
2024-10-15,234.46,327653.0,243.05,244.08,234.37
2024-10-16,227.09,335860.0,232.06,232.06,226.57
2024-10-17,224.74,261647.0,227.24,232.12,224.1
2024-10-18,243.13,680138.0,223.24,252.12,222.84
2024-10-21,246.6,584558.0,252.24,255.77,244.99
2024-10-22,243.79,278760.0,247.24,247.8,240.5
2024-10-23,242.54,321541.0,241.05,248.18,240.1
2024-10-24,239.4,214658.0,243.01,244.74,238.24
2024-10-25,252.12,578986.0,245.58,258.24,239.54
2024-10-28,249.48,276019.0,249.37,251.85,246.24
2024-10-29,245.02,269948.0,249.48,250.95,244.48
2024-10-30,241.27,271344.0,243.24,245.54,237.74
2024-10-31,239.22,255003.0,240.23,243.74,237.24
2024-11-01,239.44,259158.0,239.77,243.06,238.42
2024-11-04,244.44,242472.0,237.24,247.54,237.24
2024-11-05,254.63,484821.0,243.82,256.06,242.37
2024-11-06,249.74,452393.0,252.23,262.74,246.74
2024-11-07,256.04,335710.0,251.24,256.04,247.12
2024-11-08,250.74,402941.0,262.9,265.24,250.34
2024-11-11,260.74,491539.0,245.59,262.23,244.25
2024-11-12,266.26,744030.0,271.52,278.44,264.22
2024-11-13,275.24,557737.0,262.24,281.44,260.01
2024-11-14,268.24,426572.0,276.24,278.23,267.9
2024-11-15,258.8,351983.0,262.74,268.24,258.8
2024-11-18,256.16,306500.0,258.8,264.19,254.24
2024-11-19,261.96,348129.0,255.26,265.24,251.24
2024-11-20,260.79,227088.0,260.19,263.14,257.84
2024-11-21,261.5,205508.0,258.9,264.67,256.9
2024-11-22,252.34,225551.0,261.17,262.24,252.12
2024-11-25,257.34,262391.0,256.3,259.8,254.42
2024-11-26,249.96,273604.0,254.81,257.21,248.9
2024-11-27,253.14,274007.0,247.94,254.14,244.71
2024-11-28,247.94,223556.0,252.44,252.77,246.74
2024-11-29,254.48,313663.0,244.47,261.23,244.47
2024-12-02,255.43,206475.0,251.88,256.79,250.45
2024-12-03,255.08,173108.0,254.24,256.23,252.24
2024-12-04,252.21,161814.0,253.24,255.24,250.74
2024-12-05,249.24,160216.0,251.23,252.19,248.25
2024-12-06,259.79,330381.0,249.24,263.14,248.24
2024-12-09,261.29,224561.0,260.23,262.9,257.65
2024-12-10,263.81,329044.0,274.52,274.74,262.57
2024-12-11,260.34,194008.0,267.2,272.74,259.76
2024-12-12,266.95,223295.0,259.14,268.62,258.44
2024-12-13,260.27,283164.0,263.12,265.24,259.24
2024-12-16,260.44,162575.0,259.46,262.74,257.29
2024-12-17,267.04,282146.0,260.24,271.24,259.78
2024-12-18,264.65,150853.0,267.55,267.97,263.55
2024-12-19,263.03,153460.0,262.5,265.59,259.86
2024-12-20,255.95,277401.0,263.03,264.04,253.56
2024-12-23,256.74,206394.0,255.95,262.12,255.95
2024-12-24,261.47,196154.0,256.24,261.49,256.24
2024-12-25,261.21,114138.0,262.15,264.15,259.5
2024-12-26,254.49,224438.0,260.44,260.44,254.24
2024-12-27,255.24,243519.0,253.81,256.66,248.24
2024-12-30,259.82,226314.0,254.12,260.74,253.75
2024-12-31,259.24,249340.0,258.33,263.74,258.33
2025-01-02,252.02,233546.0,259.49,259.54,250.24
2025-01-03,250.87,185238.0,252.02,256.24,250.45
2025-01-06,249.99,172891.0,251.24,253.24,246.24
2025-01-07,242.69,401036.0,236.24,245.24,234.32
2025-01-08,238.58,271858.0,239.23,241.55,236.56
2025-01-09,240.57,169329.0,234.59,243.49,234.4
2025-01-10,239.24,147294.0,239.74,243.19,237.92
2025-01-13,240.15,180922.0,236.74,243.24,235.24
2025-01-14,249.44,202467.0,240.95,250.24,238.45
2025-01-15,244.11,150627.0,249.44,249.64,242.91
2025-01-16,243.17,161884.0,245.24,247.84,241.5
2025-01-17,244.74,111066.0,241.74,246.74,241.32
2025-01-20,258.76,342835.0,249.74,260.85,249.55
2025-01-21,257.42,138933.0,261.74,262.0,256.46
2025-01-22,251.24,250407.0,255.24,258.14,247.45
2025-01-23,250.74,165537.0,253.09,255.74,250.22
2025-01-24,255.08,224398.0,250.47,259.24,250.47
2025-01-27,251.46,171026.0,255.09,257.43,251.46
2025-02-05,246.58,240481.0,254.46,256.46,245.51
2025-02-06,247.56,248961.0,245.46,247.95,243.66
2025-02-07,255.74,344413.0,251.46,257.02,246.08
2025-02-10,252.91,229267.0,255.74,255.93,249.64
2025-02-11,246.26,247920.0,254.9,254.96,245.52
2025-02-12,249.76,273822.0,244.47,250.46,241.54
2025-02-13,255.85,375350.0,250.45,258.45,249.56
2025-02-14,264.17,387800.0,255.99,267.46,255.99
2025-02-17,263.86,241830.0,269.36,269.36,260.48
2025-02-18,265.23,238458.0,267.42,269.96,263.46
2025-02-19,268.01,204455.0,263.03,270.46,263.01
2025-02-20,264.66,195890.0,267.26,267.26,261.46
2025-02-21,270.01,309519.0,263.04,271.34,262.24
2025-02-24,265.96,277538.0,267.47,269.16,262.62
2025-02-25,263.94,232094.0,261.94,268.46,258.97
2025-02-26,263.08,211731.0,265.91,267.34,261.64
2025-02-27,264.46,231851.0,264.73,266.16,262.13
2025-02-28,258.76,222655.0,264.06,265.77,258.07
2025-03-03,267.99,387364.0,259.46,273.76,256.7
2025-03-04,257.46,268365.0,264.46,265.46,257.19
2025-03-05,255.45,208696.0,257.46,258.35,252.96
2025-03-06,258.77,250273.0,256.71,259.99,255.46
2025-03-07,255.22,222871.0,257.42,258.04,253.14
2025-03-10,250.96,286751.0,256.26,256.32,248.07
2025-03-11,249.66,171351.0,247.53,249.96,247.51
2025-03-12,248.96,199147.0,250.47,251.08,245.95
2025-03-13,247.68,168852.0,248.46,253.66,247.46
2025-03-14,256.46,351089.0,247.46,259.31,247.11
2025-03-17,250.46,335155.0,257.56,259.93,250.2
2025-03-18,251.46,225767.0,252.46,255.24,249.96
2025-03-19,259.85,369541.0,251.66,261.43,251.24
2025-03-20,256.61,144247.0,259.85,260.96,255.48
2025-03-21,250.46,194320.0,257.14,258.99,250.13
2025-03-24,252.62,167302.0,252.16,253.44,250.74
2025-03-25,253.94,127858.0,252.17,254.46,249.75
2025-03-26,251.38,129046.0,253.86,257.16,251.16
2025-03-27,253.34,141792.0,250.65,257.26,248.71
2025-03-28,251.26,112421.0,250.57,253.34,250.26
2025-03-31,247.4,194634.0,250.52,252.44,246.58
2025-04-01,243.52,194162.0,247.4,248.96,243.04
2025-04-02,243.6,137321.0,244.66,246.92,242.02
2025-04-03,237.54,232816.0,239.46,242.16,237.01
2025-04-07,209.68,723646.0,220.55,224.46,203.57
2025-04-08,213.51,476594.0,214.41,219.46,210.86
2025-04-09,205.85,536023.0,207.38,213.21,204.55
2025-04-10,212.44,372741.0,215.46,217.25,209.92
2025-04-11,218.46,302991.0,210.46,220.01,209.16
2025-04-14,218.46,206965.0,221.61,222.46,217.14
2025-04-15,222.61,266865.0,220.46,224.91,219.58
2025-04-16,219.35,216551.0,221.46,221.64,216.01
2025-04-17,220.46,157377.0,217.46,221.79,216.68
2025-04-18,219.92,115128.0,219.67,220.96,218.12
2025-04-21,225.82,220082.0,219.92,229.46,218.64
2025-04-22,229.69,169354.0,229.0,230.16,226.2
2025-04-23,232.35,191980.0,234.0,237.75,232.0
2025-04-24,235.87,181554.0,233.5,237.66,231.25
2025-04-25,235.6,127620.0,236.2,236.92,234.09
2025-04-28,233.85,143124.0,237.25,237.26,232.2
2025-04-29,231.03,167424.0,233.0,233.8,229.72
2025-04-30,230.5,156328.0,232.05,233.38,230.5
2025-05-06,230.63,196877.0,232.91,235.3,230.2
2025-05-07,237.61,312810.0,235.45,239.88,235.08
2025-05-08,243.57,312856.0,238.49,247.68,236.98
2025-05-09,247.27,236933.0,245.07,248.77,243.65
2025-05-12,256.0,302315.0,254.0,256.99,252.0
2025-05-13,257.77,204806.0,261.0,261.0,254.02
2025-05-14,261.6,231463.0,257.77,263.46,255.01
2025-05-15,259.18,141119.0,261.62,261.87,258.6
2025-05-16,258.36,189001.0,258.14,260.73,256.73
2025-05-19,259.0,169740.0,259.5,259.54,256.27
2025-05-20,262.0,346424.0,263.44,264.5,254.2
2025-05-21,273.08,565245.0,265.99,278.99,264.8
2025-05-22,269.37,276081.0,276.8,276.94,267.27
2025-05-23,265.99,230004.0,270.01,273.0,265.95
2025-05-26,254.9,330122.0,264.0,265.38,251.9
2025-05-27,252.99,176680.0,254.89,256.21,251.39
2025-05-28,252.6,154563.0,254.61,257.27,252.32
2025-05-29,250.85,217883.0,252.0,252.98,248.0
2025-05-30,249.0,204337.0,249.9,251.65,246.47
2025-06-03,250.15,158412.0,251.0,252.9,249.44
2025-06-04,250.05,130402.0,251.5,252.6,249.7
2025-06-05,250.5,135259.0,250.36,251.44,247.27
2025-06-06,247.88,165515.0,251.0,252.33,247.5
2025-06-09,244.58,185498.0,247.88,249.88,244.5
2025-06-10,242.14,139325.0,244.0,245.86,241.22
2025-06-11,249.5,279934.0,245.09,251.44,243.8
2025-06-12,248.81,175696.0,251.0,251.5,247.77
2025-06-13,247.2,174032.0,247.1,249.41,245.37
2025-06-16,245.66,122176.0,247.0,247.7,244.8
2025-06-17,245.26,97650.0,245.96,247.43,244.22
2025-06-18,244.57,104606.0,245.98,248.58,244.57
2025-06-19,241.1,147985.0,244.3,245.16,240.6
2025-06-20,239.26,136883.0,240.06,242.12,238.5
2025-06-23,238.61,127099.0,238.3,239.6,237.03
2025-06-24,244.92,235011.0,239.58,247.08,239.58
2025-06-25,253.9,315377.0,245.5,254.88,245.0
2025-06-26,251.79,199145.0,254.88,255.29,251.36
2025-06-27,249.99,236201.0,255.5,256.45,249.11
2025-06-30,251.22,176234.0,250.5,252.5,248.7
2025-07-01,250.5,95323.0,251.5,251.74,248.88
2025-07-02,249.45,115714.0,250.5,251.01,248.19
2025-07-03,261.59,338037.0,250.47,262.21,249.59
2025-07-04,264.8,272060.0,264.01,268.98,259.98
2025-07-07,259.89,174665.0,264.8,267.88,257.88
2025-07-08,262.31,155923.0,259.7,264.9,258.82
2025-07-09,269.8,293884.0,261.2,273.46,261.1
2025-07-10,271.0,242393.0,273.99,273.99,267.5
2025-07-11,270.5,213282.0,270.5,273.0,269.1
2025-07-14,267.5,149789.0,270.0,270.32,265.1
2025-07-15,266.75,169526.0,267.5,271.5,265.0
2025-07-16,263.4,156265.0,267.5,267.7,262.04
2025-07-17,264.5,145110.0,264.37,266.75,263.36
2025-07-18,270.2,221866.0,267.7,271.45,264.8
2025-07-21,278.66,324863.0,276.0,281.0,272.55
2025-07-22,285.66,333090.0,279.0,289.0,278.18
2025-07-23,286.02,200190.0,287.16,289.75,285.59
2025-07-24,284.2,223891.0,288.0,288.2,281.91
2025-07-25,281.8,134326.0,284.2,284.2,280.75
2025-07-28,285.3,238973.0,282.02,288.09,280.3
2025-07-29,290.82,233946.0,285.7,291.0,285.68
2025-07-30,276.09,415943.0,291.2,291.2,275.36
2025-07-31,263.62,447104.0,279.8,280.98,263.62
2025-08-01,262.07,252500.0,263.8,265.6,261.75
2025-08-04,265.48,237682.0,262.0,267.0,260.7
2025-08-05,264.7,219760.0,266.5,268.0,262.5
2025-08-06,264.0,153233.0,264.22,265.9,262.23
2025-08-07,262.05,165481.0,264.0,265.49,261.2
2025-08-08,262.48,174282.0,263.0,265.16,261.01
2025-08-11,262.66,213309.0,262.48,265.15,261.5
2025-08-12,262.25,222407.0,262.5,264.18,256.72
2025-08-13,272.6,394668.0,263.77,274.0,263.51
2025-08-14,278.89,371708.0,275.89,281.0,273.48
2025-08-15,279.67,241092.0,277.38,281.3,275.1
2025-08-18,282.0,285288.0,279.67,284.48,277.02
2025-08-19,276.8,244286.0,282.0,283.0,275.22
2025-08-20,279.2,233535.0,277.5,279.99,272.05
2025-08-21,279.0,182698.0,279.27,281.8,278.0
2025-08-22,287.18,264219.0,278.93,289.35,278.6
2025-08-25,290.28,312297.0,290.0,293.88,286.78
2025-08-26,289.5,230245.0,287.02,290.99,285.58
2025-08-27,278.3,382584.0,289.0,289.54,278.19
2025-08-28,277.41,304664.0,276.06,278.99,272.72
2025-08-29,306.18,780139.0,278.31,316.66,277.95
2025-09-01,304.0,429964.0,306.5,306.9,299.3
2025-09-02,302.87,371169.0,304.03,311.1,299.03
2025-09-03,309.0,508975.0,303.5,311.65,303.03
2025-09-04,304.03,657548.0,313.47,323.33,300.63
2025-09-05,325.11,708198.0,299.9,325.11,299.82
2025-09-08,325.37,588346.0,334.0,337.65,323.5
2025-09-09,320.0,434024.0,322.8,334.58,317.16
2025-09-10,316.04,367527.0,317.99,322.0,313.0
2025-09-11,322.55,380345.0,315.55,322.98,309.04
2025-09-12,325.0,338713.0,325.9,329.9,322.2
2025-09-15,354.7,718410.0,346.01,371.52,344.02
2025-09-16,353.42,377445.0,356.11,359.0,348.5
2025-09-17,377.1,543771.0,356.8,381.88,354.0
2025-09-18,366.89,518897.0,374.59,380.0,360.8
2025-09-19,368.49,339149.0,365.0,375.71,361.72
2025-09-22,370.05,285278.0,370.5,372.72,362.78
2025-09-23,368.15,348493.0,368.0,376.96,360.0
2025-09-24,379.93,383145.0,371.0,380.0,366.06
2025-09-25,392.85,466393.0,376.6,402.59,376.47
2025-09-26,380.4,362633.0,392.02,399.99,380.0
2025-09-29,397.37,389647.0,386.34,399.89,386.01
2025-09-30,402.0,330313.0,396.0,408.88,396.0
2025-10-09,409.89,412088.0,399.98,424.36,399.74
2025-10-10,381.95,533118.0,401.0,403.8,379.01
2025-10-13,374.5,471510.0,362.86,384.6,362.86
2025-10-14,358.0,496399.0,381.0,385.8,355.77
2025-10-15,369.3,369934.0,358.5,369.71,354.76
2025-10-16,368.5,276295.0,367.5,373.9,364.5
2025-10-17,358.14,319058.0,367.5,375.0,356.99
2025-10-20,366.5,284324.0,365.0,368.89,359.53
2025-10-21,375.9,446329.0,373.0,381.35,363.1
2025-10-22,372.86,219459.0,375.9,378.88,368.2
2025-10-23,376.45,239981.0,373.8,378.8,369.0
2025-10-24,385.77,320416.0,379.97,387.8,378.0
2025-10-27,386.18,404510.0,393.0,393.0,376.57
2025-10-28,386.48,287083.0,386.16,393.8,383.02
2025-10-29,400.0,344740.0,386.0,400.04,384.7
2025-10-30,398.29,343061.0,405.98,409.08,396.83
2025-10-31,388.77,340484.0,398.0,406.8,388.2
2025-11-03,386.86,263682.0,387.0,391.91,375.77
2025-11-04,378.95,239391.0,383.06,386.5,374.0
2025-11-05,388.7,311425.0,372.85,393.0,372.0
2025-11-06,394.68,234475.0,390.0,399.49,388.7
2025-11-07,395.37,165549.0,393.5,397.51,388.88
2025-11-10,384.51,238960.0,398.4,400.31,383.32
2025-11-11,385.6,193032.0,386.0,394.77,384.5
2025-11-12,386.38,212998.0,390.78,392.99,383.98
2025-11-13,415.6,562654.0,385.05,421.3,385.05
2025-11-14,404.12,241721.0,407.0,414.6,403.88
2025-11-17,390.78,476855.0,388.0,392.4,382.5
2025-11-18,385.0,395658.0,389.0,398.63,381.0
2025-11-19,391.1,292667.0,385.5,398.44,384.96
2025-11-20,379.39,336743.0,394.9,395.0,377.01
2025-11-21,370.0,316313.0,375.0,383.0,370.0
2025-11-24,370.55,228458.0,373.8,374.9,367.18
2025-11-25,372.36,206332.0,375.0,379.66,370.59
2025-11-26,372.82,189107.0,375.5,375.5,370.07
2025-11-27,371.2,222003.0,373.0,378.88,370.0
2025-11-28,373.2,203403.0,370.5,375.48,366.16
2025-12-01,382.97,267510.0,374.76,382.97,374.03
2025-12-02,380.08,163485.0,383.5,384.98,377.4
2025-12-03,376.08,139911.0,380.09,383.37,375.0
2025-12-04,383.35,191658.0,379.19,383.6,375.15
2025-12-05,389.09,232916.0,387.2,389.31,382.0
2025-12-08,392.5,216598.0,390.43,395.38,385.5
2025-12-09,387.59,186918.0,391.5,392.26,386.0
2025-12-10,382.38,194334.0,385.05,388.0,377.26
2025-12-11,388.99,282154.0,384.9,398.86,383.38
2025-12-12,391.8,240020.0,392.0,393.39,385.5
2025-12-15,385.5,182750.0,391.5,394.97,385.21
2025-12-16,378.41,191217.0,386.0,389.08,378.03
2025-12-17,383.42,222574.0,376.45,384.5,375.06
2025-12-18,372.0,296393.0,379.57,380.95,370.01
2025-12-19,374.0,175599.0,374.08,377.68,370.8
2025-12-22,371.84,254935.0,376.0,377.99,368.1
2025-12-23,378.1,236041.0,372.0,380.5,371.6
2025-12-24,375.6,210884.0,378.08,378.08,372.0
2025-12-25,373.01,203431.0,374.21,374.21,369.12
2025-12-26,374.43,257237.0,372.96,378.0,370.1
2025-12-29,369.31,241241.0,374.0,374.43,368.0
2025-12-30,369.2,190308.0,367.1,371.0,366.56
2025-12-31,367.26,160266.0,369.79,372.0,367.15
2026-01-05,377.5,336881.0,370.0,378.0,368.19
2026-01-06,373.99,341477.0,380.0,380.5,369.04
2026-01-07,371.01,262285.0,372.95,375.48,368.49
2026-01-08,369.21,269590.0,368.0,373.33,367.0
2026-01-09,369.23,314772.0,369.17,377.63,367.01
2026-01-12,361.68,488307.0,368.0,368.0,351.66
2026-01-13,359.0,296709.0,366.25,367.77,357.0
2026-01-14,353.98,380834.0,360.03,361.22,351.71
2026-01-15,353.75,323709.0,352.75,358.28,351.8
2026-01-16,352.32,319818.0,357.99,361.72,351.51
2026-01-19,348.9,338643.0,351.47,355.34,345.33
2026-01-20,349.6,354406.0,350.0,356.91,347.9
2026-01-21,349.81,393936.0,351.94,357.69,349.0
2026-01-22,345.8,459948.0,351.03,353.73,339.5
2026-01-23,347.0,339761.0,348.01,350.0,343.25
2026-01-26,342.05,332914.0,352.02,352.55,341.21
2026-01-27,339.4,322949.0,344.89,344.9,334.02
2026-01-28,339.99,463082.0,337.88,344.0,333.01
2026-01-29,341.89,338444.0,340.5,345.16,338.16
2026-01-30,350.0,486501.0,348.4,353.76,344.1
2026-02-02,348.98,391917.0,357.0,357.99,344.13
2026-02-03,347.91,265163.0,349.0,352.8,343.5
2026-02-04,365.03,485317.0,350.96,366.65,347.51
2026-02-05,362.94,284272.0,365.77,366.75,356.02
2026-02-06,369.11,393726.0,359.32,372.88,358.01
